       0.001	0.0814018
       0.002	0.181522
       0.003	0.269028
       0.004	0.321551
       0.005	0.333639
       0.006	0.313406
       0.007	0.275247
       0.008	0.234548
       0.009	0.203315
        0.01	0.187723
       0.011	0.187069
       0.012	0.197963
       0.013	0.21472
       0.014	0.231453
       0.015	0.243826
       0.016	0.249672
       0.017	0.248978
       0.018	0.243245
       0.019	0.234724
        0.02	0.225544
       0.021	0.217312
       0.022	0.210997
       0.023	0.2069
       0.024	0.204738
       0.025	0.203974
       0.026	0.203975
       0.027	0.204169
       0.028	0.204153
       0.029	0.203729
        0.03	0.202872
       0.031	0.201689
       0.032	0.20034
       0.033	0.198986
       0.034	0.197742
       0.035	0.196666
       0.036	0.19576
       0.037	0.194997
       0.038	0.19433
       0.039	0.193711
        0.04	0.193102
       0.041	0.19248
       0.042	0.191837
       0.043	0.191182
       0.044	0.190524
       0.045	0.189877
       0.046	0.189249
       0.047	0.188648
       0.048	0.188073
       0.049	0.187521
        0.05	0.186986
       0.051	0.186461
       0.052	0.185942
       0.053	0.185425
       0.054	0.184907
       0.055	0.184388
       0.056	0.18387
       0.057	0.183353
       0.058	0.18284
       0.059	0.18233
        0.06	0.181825
       0.061	0.181327
       0.062	0.180828
       0.063	0.18033
       0.064	0.179831
       0.065	0.179338
       0.066	0.178845
       0.067	0.178363
       0.068	0.177879
       0.069	0.177414
        0.07	0.17695
       0.071	0.176512
       0.072	0.176075
       0.073	0.175665
       0.074	0.175253
       0.075	0.174836
       0.076	0.174425
       0.077	0.17403
       0.078	0.173643
       0.079	0.17327
        0.08	0.172931
       0.081	0.172608
       0.082	0.172303
       0.083	0.172019
       0.084	0.171756
       0.085	0.171521
       0.086	0.171305
       0.087	0.171096
       0.088	0.170886
       0.089	0.170684
        0.09	0.170481
       0.091	0.170284
       0.092	0.170099
       0.093	0.169932
       0.094	0.169783
       0.095	0.169653
       0.096	0.169538
       0.097	0.169434
       0.098	0.169337
       0.099	0.169246
         0.1	0.169157
       0.101	0.169072
       0.102	0.168991
       0.103	0.168916
       0.104	0.168846
       0.105	0.168783
       0.106	0.168727
       0.107	0.168678
       0.108	0.168636
       0.109	0.168601
        0.11	0.168572
       0.111	0.16855
       0.112	0.168533
       0.113	0.168521
       0.114	0.168513
       0.115	0.168509
       0.116	0.168507
       0.117	0.168507
       0.118	0.16851
       0.119	0.168516
        0.12	0.168525
       0.121	0.16854
       0.122	0.16856
       0.123	0.168584
       0.124	0.168613
       0.125	0.168644
       0.126	0.168677
       0.127	0.16871
       0.128	0.168742
       0.129	0.168772
        0.13	0.168801
       0.131	0.168827
       0.132	0.168851
       0.133	0.168872
       0.134	0.168888
       0.135	0.1689
       0.136	0.168905
       0.137	0.168903
       0.138	0.168894
       0.139	0.168879
        0.14	0.168858
       0.141	0.168832
       0.142	0.168802
       0.143	0.16877
       0.144	0.168737
       0.145	0.168705
       0.146	0.168674
       0.147	0.168645
       0.148	0.168621
       0.149	0.168603
        0.15	0.168591
       0.151	0.168588
       0.152	0.168594
       0.153	0.168612
       0.154	0.168642
       0.155	0.168683
       0.156	0.168736
       0.157	0.1688
       0.158	0.168874
       0.159	0.168955
        0.16	0.169041
       0.161	0.16913
       0.162	0.169221
       0.163	0.169311
       0.164	0.1694
       0.165	0.169488
       0.166	0.169573
       0.167	0.169657
       0.168	0.169739
       0.169	0.169819
        0.17	0.169897
       0.171	0.169972
       0.172	0.170043
       0.173	0.170112
       0.174	0.170176
       0.175	0.170237
       0.176	0.170295
       0.177	0.170349
       0.178	0.170401
       0.179	0.170449
        0.18	0.170494
       0.181	0.170536
       0.182	0.170574
       0.183	0.170607
       0.184	0.170635
       0.185	0.170657
       0.186	0.170672
       0.187	0.17068
       0.188	0.17068
       0.189	0.170674
        0.19	0.170662
       0.191	0.170643
       0.192	0.17062
       0.193	0.170591
       0.194	0.170559
       0.195	0.170523
       0.196	0.170486
       0.197	0.170446
       0.198	0.170407
       0.199	0.170367
         0.2	0.170329
       0.201	0.170292
       0.202	0.170259
       0.203	0.17023
       0.204	0.170206
       0.205	0.170189
       0.206	0.170177
       0.207	0.170173
       0.208	0.170175
       0.209	0.170185
        0.21	0.170201
       0.211	0.170225
       0.212	0.170255
       0.213	0.17029
       0.214	0.170331
       0.215	0.170376
       0.216	0.170424
       0.217	0.170475
       0.218	0.170527
       0.219	0.170578
        0.22	0.170628
       0.221	0.170676
       0.222	0.170721
       0.223	0.170761
       0.224	0.170797
       0.225	0.170827
       0.226	0.170853
       0.227	0.170873
       0.228	0.170888
       0.229	0.170897
        0.23	0.170902
       0.231	0.170902
       0.232	0.170897
       0.233	0.170888
       0.234	0.170876
       0.235	0.17086
       0.236	0.170841
       0.237	0.170818
       0.238	0.170794
       0.239	0.170768
        0.24	0.170741
       0.241	0.170712
       0.242	0.170683
       0.243	0.170654
       0.244	0.170624
       0.245	0.170595
       0.246	0.170566
       0.247	0.170537
       0.248	0.170509
       0.249	0.170481
        0.25	0.170454
       0.251	0.170427
       0.252	0.170401
       0.253	0.170375
       0.254	0.170351
       0.255	0.170328
       0.256	0.170307
       0.257	0.170288
       0.258	0.170272
       0.259	0.170258
        0.26	0.170248
       0.261	0.170241
       0.262	0.170237
       0.263	0.170236
       0.264	0.170239
       0.265	0.170245
       0.266	0.170253
       0.267	0.170264
       0.268	0.170278
       0.269	0.170293
        0.27	0.170309
       0.271	0.170327
       0.272	0.170346
       0.273	0.170364
       0.274	0.170383
       0.275	0.1704
       0.276	0.170416
       0.277	0.17043
       0.278	0.170442
       0.279	0.170451
        0.28	0.170457
       0.281	0.170458
       0.282	0.170456
       0.283	0.17045
       0.284	0.17044
       0.285	0.170425
       0.286	0.170407
       0.287	0.170385
       0.288	0.17036
       0.289	0.170332
        0.29	0.170302
       0.291	0.17027
       0.292	0.170236
       0.293	0.170201
       0.294	0.170166
       0.295	0.170132
       0.296	0.170098
       0.297	0.170065
       0.298	0.170034
       0.299	0.170006
         0.3	0.16998
       0.301	0.169958
       0.302	0.169938
       0.303	0.169922
       0.304	0.169908
       0.305	0.169897
       0.306	0.169889
       0.307	0.169883
       0.308	0.169879
       0.309	0.169876
        0.31	0.169876
       0.311	0.169877
       0.312	0.169879
       0.313	0.169882
       0.314	0.169886
       0.315	0.16989
       0.316	0.169894
       0.317	0.169899
       0.318	0.169902
       0.319	0.169905
        0.32	0.169907
       0.321	0.169907
       0.322	0.169906
       0.323	0.169903
       0.324	0.169899
       0.325	0.169893
       0.326	0.169885
       0.327	0.169875
       0.328	0.169863
       0.329	0.169849
        0.33	0.169834
       0.331	0.169816
       0.332	0.169797
       0.333	0.169776
       0.334	0.169754
       0.335	0.16973
       0.336	0.169706
       0.337	0.169681
       0.338	0.169656
       0.339	0.169631
        0.34	0.169606
       0.341	0.169582
       0.342	0.169559
       0.343	0.169537
       0.344	0.169515
       0.345	0.169495
       0.346	0.169476
       0.347	0.169457
       0.348	0.16944
       0.349	0.169424
        0.35	0.16941
       0.351	0.169396
       0.352	0.169383
       0.353	0.169372
       0.354	0.169361
       0.355	0.169351
       0.356	0.169343
       0.357	0.169334
       0.358	0.169327
       0.359	0.16932
        0.36	0.169314
       0.361	0.169307
       0.362	0.169301
       0.363	0.169295
       0.364	0.169289
       0.365	0.169283
       0.366	0.169277
       0.367	0.16927
       0.368	0.169263
       0.369	0.169255
        0.37	0.169247
       0.371	0.169238
       0.372	0.169228
       0.373	0.169217
       0.374	0.169206
       0.375	0.169194
       0.376	0.169182
       0.377	0.169168
       0.378	0.169155
       0.379	0.169141
        0.38	0.169127
       0.381	0.169112
       0.382	0.169098
       0.383	0.169083
       0.384	0.169068
       0.385	0.169052
       0.386	0.169037
       0.387	0.169021
       0.388	0.169005
       0.389	0.168989
        0.39	0.168972
       0.391	0.168955
       0.392	0.168939
       0.393	0.168922
       0.394	0.168905
       0.395	0.168888
       0.396	0.168871
       0.397	0.168854
       0.398	0.168838
       0.399	0.168822
         0.4	0.168806
       0.401	0.16879
       0.402	0.168775
       0.403	0.16876
       0.404	0.168746
       0.405	0.168732
       0.406	0.168719
       0.407	0.168707
       0.408	0.168695
       0.409	0.168683
        0.41	0.168673
       0.411	0.168662
       0.412	0.168653
       0.413	0.168643
       0.414	0.168635
       0.415	0.168626
       0.416	0.168618
       0.417	0.16861
       0.418	0.168602
       0.419	0.168594
        0.42	0.168587
       0.421	0.168579
       0.422	0.16857
       0.423	0.168562
       0.424	0.168553
       0.425	0.168544
       0.426	0.168534
       0.427	0.168524
       0.428	0.168514
       0.429	0.168503
        0.43	0.168492
       0.431	0.168481
       0.432	0.168469
       0.433	0.168456
       0.434	0.168443
       0.435	0.16843
       0.436	0.168416
       0.437	0.168403
       0.438	0.168388
       0.439	0.168374
        0.44	0.168359
       0.441	0.168345
       0.442	0.168329
       0.443	0.168314
       0.444	0.168299
       0.445	0.168284
       0.446	0.168269
       0.447	0.168254
       0.448	0.168239
       0.449	0.168224
        0.45	0.16821
       0.451	0.168196
       0.452	0.168182
       0.453	0.168168
       0.454	0.168155
       0.455	0.168143
       0.456	0.168131
       0.457	0.168119
       0.458	0.168108
       0.459	0.168098
        0.46	0.168088
       0.461	0.168078
       0.462	0.168069
       0.463	0.16806
       0.464	0.168052
       0.465	0.168044
       0.466	0.168036
       0.467	0.168029
       0.468	0.168022
       0.469	0.168015
        0.47	0.168008
       0.471	0.168001
       0.472	0.167994
       0.473	0.167986
       0.474	0.167979
       0.475	0.167971
       0.476	0.167963
       0.477	0.167955
       0.478	0.167947
       0.479	0.167938
        0.48	0.167929
       0.481	0.167919
       0.482	0.167909
       0.483	0.167899
       0.484	0.167889
       0.485	0.167878
       0.486	0.167868
       0.487	0.167857
       0.488	0.167846
       0.489	0.167835
        0.49	0.167825
       0.491	0.167814
       0.492	0.167804
       0.493	0.167794
       0.494	0.167784
       0.495	0.167774
       0.496	0.167765
       0.497	0.167756
       0.498	0.167748
       0.499	0.16774
         0.5	0.167732
       0.501	0.167724
       0.502	0.167716
       0.503	0.167709
       0.504	0.167701
       0.505	0.167694
       0.506	0.167686
       0.507	0.167679
       0.508	0.167671
       0.509	0.167662
        0.51	0.167654
       0.511	0.167645
       0.512	0.167636
       0.513	0.167626
       0.514	0.167616
       0.515	0.167605
       0.516	0.167595
       0.517	0.167584
       0.518	0.167572
       0.519	0.167561
        0.52	0.16755
       0.521	0.167538
       0.522	0.167527
       0.523	0.167515
       0.524	0.167504
       0.525	0.167493
       0.526	0.167483
       0.527	0.167473
       0.528	0.167463
       0.529	0.167454
        0.53	0.167446
       0.531	0.167437
       0.532	0.16743
       0.533	0.167423
       0.534	0.167416
       0.535	0.16741
       0.536	0.167404
       0.537	0.167398
       0.538	0.167393
       0.539	0.167388
        0.54	0.167384
       0.541	0.167379
       0.542	0.167374
       0.543	0.16737
       0.544	0.167365
       0.545	0.16736
       0.546	0.167355
       0.547	0.16735
       0.548	0.167345
       0.549	0.167339
        0.55	0.167333
       0.551	0.167327
       0.552	0.16732
       0.553	0.167314
       0.554	0.167307
       0.555	0.1673
       0.556	0.167292
       0.557	0.167285
       0.558	0.167277
       0.559	0.167269
        0.56	0.167261
       0.561	0.167252
       0.562	0.167244
       0.563	0.167235
       0.564	0.167226
       0.565	0.167217
       0.566	0.167208
       0.567	0.167199
       0.568	0.16719
       0.569	0.167181
        0.57	0.167171
       0.571	0.167162
       0.572	0.167152
       0.573	0.167142
       0.574	0.167132
       0.575	0.167122
       0.576	0.167112
       0.577	0.167103
       0.578	0.167093
       0.579	0.167083
        0.58	0.167074
       0.581	0.167065
       0.582	0.167056
       0.583	0.167048
       0.584	0.16704
       0.585	0.167032
       0.586	0.167025
       0.587	0.167019
       0.588	0.167012
       0.589	0.167006
        0.59	0.167001
       0.591	0.166996
       0.592	0.166991
       0.593	0.166987
       0.594	0.166983
       0.595	0.166979
       0.596	0.166975
       0.597	0.166971
       0.598	0.166967
       0.599	0.166963
         0.6	0.166959
       0.601	0.166955
       0.602	0.166951
       0.603	0.166946
       0.604	0.166941
       0.605	0.166936
       0.606	0.166931
       0.607	0.166925
       0.608	0.166919
       0.609	0.166913
        0.61	0.166907
       0.611	0.166901
       0.612	0.166895
       0.613	0.166889
       0.614	0.166883
       0.615	0.166876
       0.616	0.16687
       0.617	0.166864
       0.618	0.166857
       0.619	0.166851
        0.62	0.166845
       0.621	0.166839
       0.622	0.166833
       0.623	0.166827
       0.624	0.166821
       0.625	0.166815
       0.626	0.166809
       0.627	0.166804
       0.628	0.166798
       0.629	0.166792
        0.63	0.166786
       0.631	0.16678
       0.632	0.166773
       0.633	0.166767
       0.634	0.16676
       0.635	0.166753
       0.636	0.166746
       0.637	0.166738
       0.638	0.166731
       0.639	0.166724
        0.64	0.166716
       0.641	0.166709
       0.642	0.166701
       0.643	0.166694
       0.644	0.166687
       0.645	0.16668
       0.646	0.166673
       0.647	0.166667
       0.648	0.16666
       0.649	0.166655
        0.65	0.166649
       0.651	0.166645
       0.652	0.16664
       0.653	0.166636
       0.654	0.166632
       0.655	0.166628
       0.656	0.166625
       0.657	0.166622
       0.658	0.166619
       0.659	0.166617
        0.66	0.166614
       0.661	0.166611
       0.662	0.166609
       0.663	0.166606
       0.664	0.166603
       0.665	0.1666
       0.666	0.166597
       0.667	0.166594
       0.668	0.16659
       0.669	0.166587
        0.67	0.166584
       0.671	0.16658
       0.672	0.166577
       0.673	0.166573
       0.674	0.166569
       0.675	0.166565
       0.676	0.166561
       0.677	0.166557
       0.678	0.166553
       0.679	0.166549
        0.68	0.166544
       0.681	0.16654
       0.682	0.166535
       0.683	0.16653
       0.684	0.166525
       0.685	0.16652
       0.686	0.166515
       0.687	0.166509
       0.688	0.166504
       0.689	0.166498
        0.69	0.166492
       0.691	0.166485
       0.692	0.166479
       0.693	0.166472
       0.694	0.166465
       0.695	0.166458
       0.696	0.166451
       0.697	0.166444
       0.698	0.166438
       0.699	0.166431
         0.7	0.166424
       0.701	0.166417
       0.702	0.166411
       0.703	0.166405
       0.704	0.166399
       0.705	0.166394
       0.706	0.166388
       0.707	0.166384
       0.708	0.16638
       0.709	0.166376
        0.71	0.166373
       0.711	0.16637
       0.712	0.166368
       0.713	0.166367
       0.714	0.166366
       0.715	0.166365
       0.716	0.166364
       0.717	0.166364
       0.718	0.166363
       0.719	0.166363
        0.72	0.166362
       0.721	0.166362
       0.722	0.166361
       0.723	0.16636
       0.724	0.166359
       0.725	0.166357
       0.726	0.166355
       0.727	0.166353
       0.728	0.166351
       0.729	0.166348
        0.73	0.166345
       0.731	0.166342
       0.732	0.166338
       0.733	0.166334
       0.734	0.166331
       0.735	0.166327
       0.736	0.166323
       0.737	0.166319
       0.738	0.166315
       0.739	0.166311
        0.74	0.166306
       0.741	0.166303
       0.742	0.166299
       0.743	0.166295
       0.744	0.166291
       0.745	0.166287
       0.746	0.166283
       0.747	0.16628
       0.748	0.166276
       0.749	0.166272
        0.75	0.166268
       0.751	0.166263
       0.752	0.166259
       0.753	0.166255
       0.754	0.16625
       0.755	0.166246
       0.756	0.166242
       0.757	0.166237
       0.758	0.166233
       0.759	0.166229
        0.76	0.166224
       0.761	0.16622
       0.762	0.166216
       0.763	0.166212
       0.764	0.166208
       0.765	0.166204
       0.766	0.1662
       0.767	0.166196
       0.768	0.166193
       0.769	0.16619
        0.77	0.166188
       0.771	0.166185
       0.772	0.166183
       0.773	0.166182
       0.774	0.16618
       0.775	0.166179
       0.776	0.166178
       0.777	0.166177
       0.778	0.166176
       0.779	0.166175
        0.78	0.166174
       0.781	0.166173
       0.782	0.166172
       0.783	0.166171
       0.784	0.16617
       0.785	0.166169
       0.786	0.166167
       0.787	0.166166
       0.788	0.166164
       0.789	0.166162
        0.79	0.16616
       0.791	0.166159
       0.792	0.166156
       0.793	0.166154
       0.794	0.166152
       0.795	0.16615
       0.796	0.166148
       0.797	0.166146
       0.798	0.166144
       0.799	0.166142
         0.8	0.16614
       0.801	0.166139
       0.802	0.166137
       0.803	0.166135
       0.804	0.166133
       0.805	0.166131
       0.806	0.166129
       0.807	0.166126
       0.808	0.166124
       0.809	0.166121
        0.81	0.166117
       0.811	0.166114
       0.812	0.16611
       0.813	0.166106
       0.814	0.166102
       0.815	0.166097
       0.816	0.166092
       0.817	0.166088
       0.818	0.166083
       0.819	0.166078
        0.82	0.166073
       0.821	0.166069
       0.822	0.166064
       0.823	0.16606
       0.824	0.166055
       0.825	0.166051
       0.826	0.166048
       0.827	0.166045
       0.828	0.166042
       0.829	0.166039
        0.83	0.166037
       0.831	0.166036
       0.832	0.166035
       0.833	0.166035
       0.834	0.166035
       0.835	0.166035
       0.836	0.166035
       0.837	0.166036
       0.838	0.166037
       0.839	0.166038
        0.84	0.166039
       0.841	0.166041
       0.842	0.166042
       0.843	0.166043
       0.844	0.166044
       0.845	0.166045
       0.846	0.166045
       0.847	0.166046
       0.848	0.166046
       0.849	0.166045
        0.85	0.166045
       0.851	0.166044
       0.852	0.166043
       0.853	0.166042
       0.854	0.16604
       0.855	0.166039
       0.856	0.166037
       0.857	0.166035
       0.858	0.166033
       0.859	0.166031
        0.86	0.166028
       0.861	0.166026
       0.862	0.166024
       0.863	0.166022
       0.864	0.166019
       0.865	0.166017
       0.866	0.166014
       0.867	0.166012
       0.868	0.166009
       0.869	0.166006
        0.87	0.166003
       0.871	0.166
       0.872	0.165997
       0.873	0.165994
       0.874	0.16599
       0.875	0.165987
       0.876	0.165983
       0.877	0.16598
       0.878	0.165976
       0.879	0.165973
        0.88	0.16597
       0.881	0.165967
       0.882	0.165964
       0.883	0.165961
       0.884	0.165959
       0.885	0.165957
       0.886	0.165955
       0.887	0.165954
       0.888	0.165953
       0.889	0.165953
        0.89	0.165952
       0.891	0.165952
       0.892	0.165953
       0.893	0.165953
       0.894	0.165954
       0.895	0.165955
       0.896	0.165956
       0.897	0.165957
       0.898	0.165958
       0.899	0.16596
         0.9	0.165961
       0.901	0.165962
       0.902	0.165962
       0.903	0.165963
       0.904	0.165963
       0.905	0.165963
       0.906	0.165963
       0.907	0.165963
       0.908	0.165962
       0.909	0.165961
        0.91	0.16596
       0.911	0.165959
       0.912	0.165958
       0.913	0.165957
       0.914	0.165956
       0.915	0.165955
       0.916	0.165953
       0.917	0.165952
       0.918	0.165951
       0.919	0.165951
        0.92	0.16595
       0.921	0.165949
       0.922	0.165948
       0.923	0.165947
       0.924	0.165946
       0.925	0.165946
       0.926	0.165945
       0.927	0.165944
       0.928	0.165943
       0.929	0.165942
        0.93	0.165941
       0.931	0.16594
       0.932	0.165938
       0.933	0.165936
       0.934	0.165934
       0.935	0.165932
       0.936	0.16593
       0.937	0.165927
       0.938	0.165924
       0.939	0.165921
        0.94	0.165918
       0.941	0.165914
       0.942	0.165911
       0.943	0.165908
       0.944	0.165905
       0.945	0.165902
       0.946	0.1659
       0.947	0.165898
       0.948	0.165896
       0.949	0.165895
        0.95	0.165894
       0.951	0.165894
       0.952	0.165894
       0.953	0.165894
       0.954	0.165894
       0.955	0.165895
       0.956	0.165896
       0.957	0.165898
       0.958	0.165899
       0.959	0.165901
        0.96	0.165903
       0.961	0.165904
       0.962	0.165906
       0.963	0.165908
       0.964	0.165909
       0.965	0.165911
       0.966	0.165912
       0.967	0.165913
       0.968	0.165914
       0.969	0.165915
        0.97	0.165916
       0.971	0.165916
       0.972	0.165917
       0.973	0.165917
       0.974	0.165917
       0.975	0.165917
       0.976	0.165917
       0.977	0.165917
       0.978	0.165917
       0.979	0.165917
        0.98	0.165917
       0.981	0.165917
       0.982	0.165916
       0.983	0.165916
       0.984	0.165915
       0.985	0.165914
       0.986	0.165913
       0.987	0.165911
       0.988	0.16591
       0.989	0.165908
        0.99	0.165906
       0.991	0.165904
       0.992	0.165901
       0.993	0.165899
       0.994	0.165896
       0.995	0.165893
       0.996	0.16589
       0.997	0.165887
       0.998	0.165884
       0.999	0.16588
           1	0.165877

       1.001	0.186891
       1.002	0.194868
       1.003	0.193841
       1.004	0.18699
       1.005	0.178061
       1.006	0.170108
       1.007	0.164832
       1.008	0.162726
       1.009	0.163315
        1.01	0.165515
       1.011	0.168301
       1.012	0.17083
       1.013	0.172607
       1.014	0.173464
       1.015	0.17355
       1.016	0.173134
       1.017	0.172501
       1.018	0.171874
       1.019	0.171394
        1.02	0.171117
       1.021	0.171028
       1.022	0.171075
       1.023	0.171192
       1.024	0.171332
       1.025	0.171459
       1.026	0.171556
       1.027	0.171618
       1.028	0.171646
       1.029	0.171651
        1.03	0.171639
       1.031	0.171618
       1.032	0.171594
       1.033	0.171573
       1.034	0.171555
       1.035	0.171544
       1.036	0.171537
       1.037	0.171534
       1.038	0.171534
       1.039	0.171536
        1.04	0.171538
       1.041	0.171539
       1.042	0.171538
       1.043	0.171534
       1.044	0.171527
       1.045	0.171517
       1.046	0.171504
       1.047	0.171488
       1.048	0.171469
       1.049	0.171448
        1.05	0.171425
       1.051	0.171401
       1.052	0.171375
       1.053	0.171349
       1.054	0.171322
       1.055	0.171295
       1.056	0.171267
       1.057	0.17124
       1.058	0.171212
       1.059	0.171183
        1.06	0.171153
       1.061	0.171124
       1.062	0.171096
       1.063	0.171068
       1.064	0.171041
       1.065	0.171015
       1.066	0.170989
       1.067	0.170965
       1.068	0.170941
       1.069	0.170917
        1.07	0.170895
       1.071	0.170874
       1.072	0.170854
       1.073	0.170835
       1.074	0.170816
       1.075	0.170796
       1.076	0.170777
       1.077	0.170757
       1.078	0.170737
       1.079	0.170718
        1.08	0.170699
       1.081	0.170681
       1.082	0.170663
       1.083	0.170646
       1.084	0.170629
       1.085	0.170612
       1.086	0.170596
       1.087	0.170579
       1.088	0.170563
       1.089	0.170547
        1.09	0.170531
       1.091	0.170516
       1.092	0.1705
       1.093	0.170485
       1.094	0.170469
       1.095	0.170454
       1.096	0.170438
       1.097	0.170422
       1.098	0.170406
       1.099	0.170389
         1.1	0.170373
       1.101	0.170356
       1.102	0.170339
       1.103	0.170321
       1.104	0.170304
       1.105	0.170286
       1.106	0.170268
       1.107	0.17025
       1.108	0.170232
       1.109	0.170214
        1.11	0.170197
       1.111	0.170179
       1.112	0.170161
       1.113	0.170144
       1.114	0.170127
       1.115	0.170111
       1.116	0.170094
       1.117	0.170078
       1.118	0.170062
       1.119	0.170047
        1.12	0.170032
       1.121	0.170017
       1.122	0.170003
       1.123	0.169988
       1.124	0.169975
       1.125	0.169961
       1.126	0.169947
       1.127	0.169934
       1.128	0.169921
       1.129	0.169909
        1.13	0.169897
       1.131	0.169886
       1.132	0.169874
       1.133	0.169863
       1.134	0.169851
       1.135	0.169841
       1.136	0.169831
       1.137	0.169821
       1.138	0.169812
       1.139	0.169803
        1.14	0.169795
       1.141	0.169787
       1.142	0.169779
       1.143	0.169771
       1.144	0.169764
       1.145	0.169757
       1.146	0.169749
       1.147	0.169742
       1.148	0.169735
       1.149	0.169729
        1.15	0.169722
       1.151	0.169715
       1.152	0.169708
       1.153	0.169701
       1.154	0.169695
       1.155	0.169688
       1.156	0.169682
       1.157	0.169675
       1.158	0.169669
       1.159	0.169663
        1.16	0.169658
       1.161	0.169652
       1.162	0.169647
       1.163	0.169643
       1.164	0.169638
       1.165	0.169634
       1.166	0.16963
       1.167	0.169626
       1.168	0.169622
       1.169	0.169618
        1.17	0.169615
       1.171	0.169612
       1.172	0.169608
       1.173	0.169605
       1.174	0.169602
       1.175	0.169598
       1.176	0.169595
       1.177	0.169592
       1.178	0.169589
       1.179	0.169586
        1.18	0.169583
       1.181	0.16958
       1.182	0.169577
       1.183	0.169574
       1.184	0.169572
       1.185	0.169569
       1.186	0.169567
       1.187	0.169565
       1.188	0.169563
       1.189	0.169561
        1.19	0.16956
       1.191	0.169558
       1.192	0.169556
       1.193	0.169555
       1.194	0.169553
       1.195	0.169552
       1.196	0.16955
       1.197	0.169548
       1.198	0.169546
       1.199	0.169544
         1.2	0.169542
       1.201	0.169541
       1.202	0.169539
       1.203	0.169537
       1.204	0.169535
       1.205	0.169533
       1.206	0.169531
       1.207	0.16953
       1.208	0.169528
       1.209	0.169527
        1.21	0.169526
       1.211	0.169525
       1.212	0.169524
       1.213	0.169523
       1.214	0.169523
       1.215	0.169522
       1.216	0.169521
       1.217	0.169521
       1.218	0.16952
       1.219	0.169519
        1.22	0.169517
       1.221	0.169516
       1.222	0.169513
       1.223	0.169511
       1.224	0.169508
       1.225	0.169504
       1.226	0.169501
       1.227	0.169498
       1.228	0.169495
       1.229	0.169493
        1.23	0.169491
       1.231	0.16949
       1.232	0.169489
       1.233	0.169489
       1.234	0.169488
       1.235	0.169489
       1.236	0.169489
       1.237	0.169489
       1.238	0.16949
       1.239	0.16949
        1.24	0.169491
       1.241	0.169492
       1.242	0.169492
       1.243	0.169493
       1.244	0.169493
       1.245	0.169493
       1.246	0.169493
       1.247	0.169493
       1.248	0.169493
       1.249	0.169492
        1.25	0.169492
       1.251	0.169491
       1.252	0.169491
       1.253	0.16949
       1.254	0.16949
       1.255	0.169489
       1.256	0.169489
       1.257	0.169489
       1.258	0.169489
       1.259	0.169489
        1.26	0.169489
       1.261	0.169489
       1.262	0.16949
       1.263	0.169491
       1.264	0.169492
       1.265	0.169493
       1.266	0.169494
       1.267	0.169495
       1.268	0.169497
       1.269	0.169498
        1.27	0.169499
       1.271	0.1695
       1.272	0.169502
       1.273	0.169503
       1.274	0.169504
       1.275	0.169505
       1.276	0.169506
       1.277	0.169507
       1.278	0.169509
       1.279	0.16951
        1.28	0.169511
       1.281	0.169512
       1.282	0.169513
       1.283	0.169515
       1.284	0.169516
       1.285	0.169517
       1.286	0.169518
       1.287	0.169519
       1.288	0.16952
       1.289	0.16952
        1.29	0.169521
       1.291	0.169521
       1.292	0.169521
       1.293	0.169522
       1.294	0.169521
       1.295	0.169521
       1.296	0.169521
       1.297	0.16952
       1.298	0.169519
       1.299	0.169519
         1.3	0.169519
       1.301	0.169519
       1.302	0.169522
       1.303	0.169527
       1.304	0.169532
       1.305	0.169535
       1.306	0.169539
       1.307	0.169544
       1.308	0.169549
       1.309	0.169553
        1.31	0.169556
       1.311	0.169559
       1.312	0.169562
       1.313	0.169564
       1.314	0.169566
       1.315	0.169567
       1.316	0.169569
       1.317	0.16957
       1.318	0.169571
       1.319	0.169572
        1.32	0.169573
       1.321	0.169574
       1.322	0.169575
       1.323	0.169575
       1.324	0.169576
       1.325	0.169577
       1.326	0.169578
       1.327	0.169578
       1.328	0.169579
       1.329	0.169579
        1.33	0.16958
       1.331	0.16958
       1.332	0.16958
       1.333	0.169581
       1.334	0.169581
       1.335	0.169582
       1.336	0.169582
       1.337	0.169583
       1.338	0.169583
       1.339	0.169584
        1.34	0.169584
       1.341	0.169585
       1.342	0.169585
       1.343	0.169585
       1.344	0.169585
       1.345	0.169584
       1.346	0.169584
       1.347	0.169583
       1.348	0.169583
       1.349	0.169582
        1.35	0.169581
       1.351	0.16958
       1.352	0.16958
       1.353	0.169579
       1.354	0.169579
       1.355	0.169579
       1.356	0.169579
       1.357	0.169579
       1.358	0.169579
       1.359	0.16958
        1.36	0.16958
       1.361	0.169581
       1.362	0.169582
       1.363	0.169583
       1.364	0.169583
       1.365	0.169584
       1.366	0.169585
       1.367	0.169586
       1.368	0.169587
       1.369	0.169588
        1.37	0.169589
       1.371	0.16959
       1.372	0.169591
       1.373	0.169592
       1.374	0.169593
       1.375	0.169594
       1.376	0.169595
       1.377	0.169596
       1.378	0.169597
       1.379	0.169599
        1.38	0.1696
       1.381	0.169601
       1.382	0.169602
       1.383	0.169603
       1.384	0.169604
       1.385	0.169606
       1.386	0.169607
       1.387	0.169608
       1.388	0.169608
       1.389	0.169609
        1.39	0.16961
       1.391	0.169611
       1.392	0.169611
       1.393	0.169611
       1.394	0.169611
       1.395	0.169611
       1.396	0.169611
       1.397	0.16961
       1.398	0.16961
       1.399	0.16961
         1.4	0.16961
       1.401	0.169609
       1.402	0.169609
       1.403	0.16961
       1.404	0.16961
       1.405	0.169611
       1.406	0.169611
       1.407	0.169612
       1.408	0.169613
       1.409	0.169614
        1.41	0.169615
       1.411	0.169616
       1.412	0.169617
       1.413	0.169618
       1.414	0.169619
       1.415	0.169619
       1.416	0.16962
       1.417	0.16962
       1.418	0.16962
       1.419	0.16962
        1.42	0.169621
       1.421	0.169621
       1.422	0.169621
       1.423	0.169621
       1.424	0.169621
       1.425	0.169621
       1.426	0.169621
       1.427	0.169621
       1.428	0.169621
       1.429	0.169621
        1.43	0.169621
       1.431	0.169621
       1.432	0.169621
       1.433	0.16962
       1.434	0.169619
       1.435	0.169618
       1.436	0.169617
       1.437	0.169615
       1.438	0.169612
       1.439	0.169609
        1.44	0.169607
       1.441	0.169604
       1.442	0.169602
       1.443	0.1696
       1.444	0.169599
       1.445	0.169598
       1.446	0.169597
       1.447	0.169596
       1.448	0.169596
       1.449	0.169596
        1.45	0.169596
       1.451	0.169596
       1.452	0.169597
       1.453	0.169598
       1.454	0.1696
       1.455	0.169601
       1.456	0.169603
       1.457	0.169605
       1.458	0.169606
       1.459	0.169608
        1.46	0.16961
       1.461	0.169612
       1.462	0.169614
       1.463	0.169616
       1.464	0.169618
       1.465	0.169619
       1.466	0.169621
       1.467	0.169623
       1.468	0.169625
       1.469	0.169627
        1.47	0.169628
       1.471	0.16963
       1.472	0.169632
       1.473	0.169634
       1.474	0.169636
       1.475	0.169637
       1.476	0.169639
       1.477	0.169641
       1.478	0.169643
       1.479	0.169645
        1.48	0.169647
       1.481	0.169649
       1.482	0.169651
       1.483	0.169652
       1.484	0.169654
       1.485	0.169655
       1.486	0.169656
       1.487	0.169657
       1.488	0.169658
       1.489	0.169659
        1.49	0.16966
       1.491	0.16966
       1.492	0.16966
       1.493	0.169661
       1.494	0.169661
       1.495	0.169661
       1.496	0.169662
       1.497	0.169662
       1.498	0.169663
       1.499	0.169663
         1.5	0.169664
       1.501	0.169665
       1.502	0.169666
       1.503	0.169668
       1.504	0.169669
       1.505	0.169671
       1.506	0.169672
       1.507	0.169674
       1.508	0.169675
       1.509	0.169677
        1.51	0.169678
       1.511	0.169679
       1.512	0.16968
       1.513	0.169682
       1.514	0.169683
       1.515	0.169687
       1.516	0.169693
       1.517	0.169698
       1.518	0.169702
       1.519	0.169707
        1.52	0.169713
       1.521	0.169718
       1.522	0.16972
       1.523	0.169722
       1.524	0.169724
       1.525	0.169725
       1.526	0.169725
       1.527	0.169726
       1.528	0.169726
       1.529	0.169726
        1.53	0.169726
       1.531	0.169726
       1.532	0.169726
       1.533	0.169726
       1.534	0.169726
       1.535	0.169725
       1.536	0.169725
       1.537	0.169724
       1.538	0.169724
       1.539	0.169723
        1.54	0.169722
       1.541	0.169721
       1.542	0.169721
       1.543	0.16972
       1.544	0.169719
       1.545	0.169718
       1.546	0.169717
       1.547	0.169717
       1.548	0.169716
       1.549	0.169716
        1.55	0.169716
       1.551	0.169716
       1.552	0.169717
       1.553	0.169717
       1.554	0.169717
       1.555	0.169717
       1.556	0.169718
       1.557	0.169718
       1.558	0.169718
       1.559	0.169718
        1.56	0.169718
       1.561	0.169718
       1.562	0.169717
       1.563	0.169717
       1.564	0.169716
       1.565	0.169715
       1.566	0.169714
       1.567	0.169713
       1.568	0.169712
       1.569	0.169711
        1.57	0.16971
       1.571	0.16971
       1.572	0.169709
       1.573	0.169709
       1.574	0.169709
       1.575	0.169709
       1.576	0.169709
       1.577	0.169709
       1.578	0.169709
       1.579	0.16971
        1.58	0.16971
       1.581	0.169711
       1.582	0.169711
       1.583	0.169711
       1.584	0.169711
       1.585	0.169711
       1.586	0.169711
       1.587	0.169711
       1.588	0.169711
       1.589	0.169711
        1.59	0.16971
       1.591	0.16971
       1.592	0.16971
       1.593	0.16971
       1.594	0.169709
       1.595	0.169709
       1.596	0.169709
       1.597	0.16971
       1.598	0.16971
       1.599	0.16971
         1.6	0.169711
       1.601	0.169711
       1.602	0.169712
       1.603	0.169714
       1.604	0.169715
       1.605	0.169716
       1.606	0.169717
       1.607	0.169717
       1.608	0.169718
       1.609	0.169719
        1.61	0.16972
       1.611	0.16972
       1.612	0.169721
       1.613	0.169721
       1.614	0.169721
       1.615	0.169721
       1.616	0.169721
       1.617	0.169722
       1.618	0.169722
       1.619	0.169723
        1.62	0.169723
       1.621	0.169724
       1.622	0.169725
       1.623	0.169725
       1.624	0.169726
       1.625	0.169726
       1.626	0.169726
       1.627	0.169726
       1.628	0.169726
       1.629	0.169726
        1.63	0.169726
       1.631	0.169725
       1.632	0.169725
       1.633	0.169724
       1.634	0.169723
       1.635	0.169722
       1.636	0.169721
       1.637	0.169719
       1.638	0.169718
       1.639	0.169716
        1.64	0.169715
       1.641	0.169713
       1.642	0.169711
       1.643	0.16971
       1.644	0.169708
       1.645	0.169707
       1.646	0.169705
       1.647	0.169703
       1.648	0.169702
       1.649	0.169699
        1.65	0.169697
       1.651	0.169694
       1.652	0.169692
       1.653	0.16969
       1.654	0.169689
       1.655	0.169688
       1.656	0.169688
       1.657	0.169688
       1.658	0.169688
       1.659	0.169689
        1.66	0.169689
       1.661	0.16969
       1.662	0.16969
       1.663	0.169691
       1.664	0.169692
       1.665	0.169692
       1.666	0.169693
       1.667	0.169694
       1.668	0.169695
       1.669	0.169696
        1.67	0.169697
       1.671	0.169699
       1.672	0.1697
       1.673	0.169701
       1.674	0.169702
       1.675	0.169703
       1.676	0.169704
       1.677	0.169705
       1.678	0.169706
       1.679	0.169706
        1.68	0.169707
       1.681	0.169707
       1.682	0.169707
       1.683	0.169707
       1.684	0.169707
       1.685	0.169707
       1.686	0.169707
       1.687	0.169707
       1.688	0.169707
       1.689	0.169707
        1.69	0.169707
       1.691	0.169708
       1.692	0.169708
       1.693	0.169709
       1.694	0.16971
       1.695	0.169711
       1.696	0.169712
       1.697	0.169714
       1.698	0.169716
       1.699	0.169718
         1.7	0.16972
       1.701	0.169722
       1.702	0.169725
       1.703	0.169726
       1.704	0.169728
       1.705	0.16973
       1.706	0.169732
       1.707	0.169733
       1.708	0.169734
       1.709	0.169735
        1.71	0.169735
       1.711	0.169736
       1.712	0.169737
       1.713	0.169737
       1.714	0.169738
       1.715	0.169738
       1.716	0.169739
       1.717	0.169739
       1.718	0.16974
       1.719	0.16974
        1.72	0.169741
       1.721	0.169741
       1.722	0.169742
       1.723	0.169742
       1.724	0.169742
       1.725	0.169742
       1.726	0.169744
       1.727	0.169746
       1.728	0.16975
       1.729	0.169754
        1.73	0.169758
       1.731	0.169762
       1.732	0.169766
       1.733	0.169769
       1.734	0.169772
       1.735	0.169774
       1.736	0.169775
       1.737	0.169776
       1.738	0.169776
       1.739	0.169776
        1.74	0.169776
       1.741	0.169776
       1.742	0.169775
       1.743	0.169775
       1.744	0.169775
       1.745	0.169775
       1.746	0.169775
       1.747	0.169775
       1.748	0.169775
       1.749	0.169776
        1.75	0.169776
       1.751	0.169776
       1.752	0.169776
       1.753	0.169776
       1.754	0.169776
       1.755	0.169776
       1.756	0.169775
       1.757	0.169775
       1.758	0.169774
       1.759	0.169773
        1.76	0.169773
       1.761	0.169772
       1.762	0.169771
       1.763	0.169771
       1.764	0.169771
       1.765	0.16977
       1.766	0.16977
       1.767	0.16977
       1.768	0.16977
       1.769	0.169771
        1.77	0.169771
       1.771	0.169771
       1.772	0.169771
       1.773	0.16977
       1.774	0.16977
       1.775	0.169769
       1.776	0.169768
       1.777	0.169767
       1.778	0.169766
       1.779	0.169764
        1.78	0.169763
       1.781	0.169761
       1.782	0.169759
       1.783	0.169758
       1.784	0.169756
       1.785	0.169754
       1.786	0.169752
       1.787	0.169751
       1.788	0.169749
       1.789	0.169748
        1.79	0.169747
       1.791	0.169747
       1.792	0.169746
       1.793	0.169746
       1.794	0.169746
       1.795	0.169746
       1.796	0.169747
       1.797	0.169748
       1.798	0.169748
       1.799	0.169749
         1.8	0.16975
       1.801	0.169751
       1.802	0.169752
       1.803	0.169753
       1.804	0.169754
       1.805	0.169755
       1.806	0.169756
       1.807	0.169756
       1.808	0.169757
       1.809	0.169757
        1.81	0.169758
       1.811	0.169759
       1.812	0.169759
       1.813	0.16976
       1.814	0.16976
       1.815	0.169761
       1.816	0.169762
       1.817	0.169763
       1.818	0.169763
       1.819	0.169764
        1.82	0.169764
       1.821	0.169765
       1.822	0.169764
       1.823	0.169764
       1.824	0.169764
       1.825	0.169763
       1.826	0.169763
       1.827	0.169762
       1.828	0.169761
       1.829	0.16976
        1.83	0.169759
       1.831	0.169758
       1.832	0.169757
       1.833	0.169756
       1.834	0.169755
       1.835	0.169754
       1.836	0.169753
       1.837	0.169752
       1.838	0.169751
       1.839	0.169751
        1.84	0.16975
       1.841	0.16975
       1.842	0.16975
       1.843	0.16975
       1.844	0.169751
       1.845	0.169751
       1.846	0.169751
       1.847	0.169751
       1.848	0.169751
       1.849	0.169752
        1.85	0.169751
       1.851	0.169751
       1.852	0.169751
       1.853	0.16975
       1.854	0.169749
       1.855	0.169748
       1.856	0.169746
       1.857	0.169744
       1.858	0.169742
       1.859	0.16974
        1.86	0.169737
       1.861	0.169734
       1.862	0.169731
       1.863	0.169728
       1.864	0.169726
       1.865	0.169724
       1.866	0.169723
       1.867	0.169723
       1.868	0.169722
       1.869	0.169722
        1.87	0.169722
       1.871	0.169722
       1.872	0.169722
       1.873	0.169722
       1.874	0.169722
       1.875	0.169722
       1.876	0.169722
       1.877	0.169721
       1.878	0.169721
       1.879	0.169721
        1.88	0.16972
       1.881	0.16972
       1.882	0.16972
       1.883	0.16972
       1.884	0.16972
       1.885	0.16972
       1.886	0.169721
       1.887	0.169721
       1.888	0.169722
       1.889	0.169723
        1.89	0.169724
       1.891	0.169726
       1.892	0.169727
       1.893	0.169728
       1.894	0.16973
       1.895	0.169731
       1.896	0.169733
       1.897	0.169735
       1.898	0.169736
       1.899	0.169737
         1.9	0.169739
       1.901	0.16974
       1.902	0.169741
       1.903	0.169742
       1.904	0.169743
       1.905	0.169744
       1.906	0.169745
       1.907	0.169746
       1.908	0.169747
       1.909	0.169748
        1.91	0.169749
       1.911	0.16975
       1.912	0.169752
       1.913	0.169753
       1.914	0.169754
       1.915	0.169756
       1.916	0.169757
       1.917	0.169758
       1.918	0.169758
       1.919	0.169759
        1.92	0.16976
       1.921	0.16976
       1.922	0.169761
       1.923	0.169761
       1.924	0.169761
       1.925	0.169761
       1.926	0.169761
       1.927	0.16976
       1.928	0.16976
       1.929	0.169759
        1.93	0.169759
       1.931	0.169758
       1.932	0.169758
       1.933	0.169758
       1.934	0.169757
       1.935	0.169757
       1.936	0.169758
       1.937	0.16976
       1.938	0.169764
       1.939	0.16977
        1.94	0.169775
       1.941	0.16978
       1.942	0.169785
       1.943	0.16979
       1.944	0.169794
       1.945	0.169796
       1.946	0.169798
       1.947	0.1698
       1.948	0.169801
       1.949	0.169801
        1.95	0.169801
       1.951	0.169801
       1.952	0.1698
       1.953	0.1698
       1.954	0.169799
       1.955	0.169799
       1.956	0.169798
       1.957	0.169798
       1.958	0.169798
       1.959	0.169798
        1.96	0.169798
       1.961	0.169798
       1.962	0.169798
       1.963	0.169798
       1.964	0.169798
       1.965	0.169798
       1.966	0.169798
       1.967	0.169798
       1.968	0.169797
       1.969	0.169797
        1.97	0.169796
       1.971	0.169796
       1.972	0.169795
       1.973	0.169793
       1.974	0.169792
       1.975	0.169791
       1.976	0.169789
       1.977	0.169788
       1.978	0.169786
       1.979	0.169784
        1.98	0.169783
       1.981	0.169781
       1.982	0.16978
       1.983	0.169779
       1.984	0.169777
       1.985	0.169776
       1.986	0.169775
       1.987	0.169774
       1.988	0.169773
       1.989	0.169772
        1.99	0.169772
       1.991	0.169771
       1.992	0.169771
       1.993	0.16977
       1.994	0.16977
       1.995	0.16977
       1.996	0.16977
       1.997	0.169769
       1.998	0.169769
       1.999	0.169769
           2	0.169769


       2.001	0.194123
       2.002	0.204006
       2.003	0.202977
       2.004	0.19501
       2.005	0.18455
       2.006	0.175294
       2.007	0.169181
       2.008	0.166712
       2.009	0.167194
        2.01	0.169413
       2.011	0.172326
       2.012	0.174981
       2.013	0.176872
       2.014	0.177843
       2.015	0.178048
       2.016	0.177753
       2.017	0.177231
       2.018	0.17669
       2.019	0.176257
        2.02	0.175981
       2.021	0.175854
       2.022	0.175838
       2.023	0.175883
       2.024	0.17596
       2.025	0.176045
       2.026	0.176124
       2.027	0.176194
       2.028	0.176247
       2.029	0.176282
        2.03	0.1763
       2.031	0.176303
       2.032	0.176296
       2.033	0.176282
       2.034	0.176266
       2.035	0.176249
       2.036	0.176235
       2.037	0.176224
       2.038	0.176218
       2.039	0.176215
        2.04	0.176214
       2.041	0.176215
       2.042	0.176216
       2.043	0.176216
       2.044	0.176214
       2.045	0.176208
       2.046	0.1762
       2.047	0.176189
       2.048	0.176175
       2.049	0.176158
        2.05	0.17614
       2.051	0.17612
       2.052	0.176099
       2.053	0.176078
       2.054	0.176057
       2.055	0.176035
       2.056	0.176014
       2.057	0.175993
       2.058	0.175971
       2.059	0.17595
        2.06	0.175928
       2.061	0.175905
       2.062	0.175881
       2.063	0.175857
       2.064	0.175834
       2.065	0.17581
       2.066	0.175786
       2.067	0.175761
       2.068	0.175737
       2.069	0.175712
        2.07	0.175688
       2.071	0.175663
       2.072	0.175639
       2.073	0.175616
       2.074	0.175593
       2.075	0.175569
       2.076	0.175545
       2.077	0.175522
       2.078	0.175498
       2.079	0.175476
        2.08	0.175454
       2.081	0.175434
       2.082	0.175414
       2.083	0.175395
       2.084	0.175376
       2.085	0.175356
       2.086	0.175336
       2.087	0.175315
       2.088	0.175295
       2.089	0.175275
        2.09	0.175257
       2.091	0.175238
       2.092	0.175221
       2.093	0.175205
       2.094	0.17519
       2.095	0.175175
       2.096	0.175161
       2.097	0.175147
       2.098	0.175133
       2.099	0.17512
         2.1	0.175106
       2.101	0.175093
       2.102	0.17508
       2.103	0.175067
       2.104	0.175054
       2.105	0.175041
       2.106	0.175028
       2.107	0.175015
       2.108	0.175002
       2.109	0.174989
        2.11	0.174977
       2.111	0.174964
       2.112	0.174951
       2.113	0.174939
       2.114	0.174927
       2.115	0.174914
       2.116	0.174902
       2.117	0.17489
       2.118	0.174879
       2.119	0.174867
        2.12	0.174856
       2.121	0.174845
       2.122	0.174834
       2.123	0.174824
       2.124	0.174814
       2.125	0.174805
       2.126	0.174796
       2.127	0.174787
       2.128	0.174779
       2.129	0.17477
        2.13	0.174763
       2.131	0.174756
       2.132	0.174749
       2.133	0.174743
       2.134	0.174737
       2.135	0.174731
       2.136	0.174726
       2.137	0.174721
       2.138	0.174716
       2.139	0.174711
        2.14	0.174707
       2.141	0.174703
       2.142	0.1747
       2.143	0.174697
       2.144	0.174694
       2.145	0.174691
       2.146	0.174688
       2.147	0.174685
       2.148	0.174683
       2.149	0.174681
        2.15	0.174678
       2.151	0.174676
       2.152	0.174674
       2.153	0.174673
       2.154	0.174671
       2.155	0.17467
       2.156	0.174668
       2.157	0.174667
       2.158	0.174666
       2.159	0.174665
        2.16	0.174664
       2.161	0.174663
       2.162	0.174662
       2.163	0.174661
       2.164	0.17466
       2.165	0.17466
       2.166	0.174661
       2.167	0.174663
       2.168	0.174666
       2.169	0.174673
        2.17	0.17468
       2.171	0.174685
       2.172	0.17469
       2.173	0.174696
       2.174	0.174701
       2.175	0.174705
       2.176	0.174708
       2.177	0.174711
       2.178	0.174712
       2.179	0.174713
        2.18	0.174714
       2.181	0.174714
       2.182	0.174715
       2.183	0.174716
       2.184	0.174717
       2.185	0.174717
       2.186	0.174719
       2.187	0.17472
       2.188	0.174722
       2.189	0.174724
        2.19	0.174725
       2.191	0.174727
       2.192	0.174729
       2.193	0.174732
       2.194	0.174734
       2.195	0.174736
       2.196	0.174738
       2.197	0.17474
       2.198	0.174742
       2.199	0.174745
         2.2	0.174747
       2.201	0.17475
       2.202	0.174752
       2.203	0.174754
       2.204	0.174756
       2.205	0.174759
       2.206	0.174761
       2.207	0.174763
       2.208	0.174765
       2.209	0.174768
        2.21	0.17477
       2.211	0.174773
       2.212	0.174775
       2.213	0.174777
       2.214	0.174779
       2.215	0.174781
       2.216	0.174783
       2.217	0.174785
       2.218	0.174787
       2.219	0.174789
        2.22	0.174791
       2.221	0.174793
       2.222	0.174795
       2.223	0.174797
       2.224	0.174799
       2.225	0.174801
       2.226	0.174803
       2.227	0.174805
       2.228	0.174807
       2.229	0.17481
        2.23	0.174812
       2.231	0.174815
       2.232	0.174817
       2.233	0.174819
       2.234	0.174822
       2.235	0.174824
       2.236	0.174827
       2.237	0.174829
       2.238	0.174832
       2.239	0.174834
        2.24	0.174836
       2.241	0.174839
       2.242	0.174842
       2.243	0.174844
       2.244	0.174847
       2.245	0.174849
       2.246	0.174851
       2.247	0.174853
       2.248	0.174855
       2.249	0.174857
        2.25	0.174859
       2.251	0.174861
       2.252	0.174863
       2.253	0.174865
       2.254	0.174867
       2.255	0.174868
       2.256	0.17487
       2.257	0.174871
       2.258	0.174873
       2.259	0.174874
        2.26	0.174875
       2.261	0.174876
       2.262	0.174876
       2.263	0.174876
       2.264	0.174876
       2.265	0.174875
       2.266	0.174873
       2.267	0.17487
       2.268	0.174868
       2.269	0.174866
        2.27	0.174865
       2.271	0.174865
       2.272	0.174865
       2.273	0.174866
       2.274	0.174867
       2.275	0.174868
       2.276	0.17487
       2.277	0.174872
       2.278	0.174875
       2.279	0.174877
        2.28	0.17488
       2.281	0.174882
       2.282	0.174885
       2.283	0.174888
       2.284	0.174891
       2.285	0.174893
       2.286	0.174896
       2.287	0.174899
       2.288	0.174902
       2.289	0.174904
        2.29	0.174907
       2.291	0.17491
       2.292	0.174913
       2.293	0.174916
       2.294	0.174918
       2.295	0.174921
       2.296	0.174924
       2.297	0.174927
       2.298	0.17493
       2.299	0.174933
         2.3	0.174936
       2.301	0.17494
       2.302	0.174943
       2.303	0.174946
       2.304	0.17495
       2.305	0.174953
       2.306	0.174956
       2.307	0.174959
       2.308	0.174963
       2.309	0.174966
        2.31	0.174969
       2.311	0.174973
       2.312	0.174977
       2.313	0.17498
       2.314	0.174984
       2.315	0.174988
       2.316	0.174992
       2.317	0.174996
       2.318	0.175
       2.319	0.175003
        2.32	0.175007
       2.321	0.17501
       2.322	0.175014
       2.323	0.175017
       2.324	0.17502
       2.325	0.175023
       2.326	0.175026
       2.327	0.175029
       2.328	0.175032
       2.329	0.175035
        2.33	0.175038
       2.331	0.175041
       2.332	0.175043
       2.333	0.175046
       2.334	0.175048
       2.335	0.175051
       2.336	0.175053
       2.337	0.175056
       2.338	0.175058
       2.339	0.175061
        2.34	0.175063
       2.341	0.175066
       2.342	0.175068
       2.343	0.175071
       2.344	0.175074
       2.345	0.175076
       2.346	0.175079
       2.347	0.175086
       2.348	0.175092
       2.349	0.175099
        2.35	0.175105
       2.351	0.175113
       2.352	0.17512
       2.353	0.175127
       2.354	0.175133
       2.355	0.175139
       2.356	0.175143
       2.357	0.175147
       2.358	0.17515
       2.359	0.175152
        2.36	0.175154
       2.361	0.175155
       2.362	0.175157
       2.363	0.175159
       2.364	0.17516
       2.365	0.175162
       2.366	0.175163
       2.367	0.175164
       2.368	0.175166
       2.369	0.175167
        2.37	0.175168
       2.371	0.175169
       2.372	0.17517
       2.373	0.175172
       2.374	0.175173
       2.375	0.175174
       2.376	0.175176
       2.377	0.175177
       2.378	0.175178
       2.379	0.17518
        2.38	0.175181
       2.381	0.175181
       2.382	0.175182
       2.383	0.175183
       2.384	0.175184
       2.385	0.175185
       2.386	0.175186
       2.387	0.175187
       2.388	0.175188
       2.389	0.17519
        2.39	0.175191
       2.391	0.175192
       2.392	0.175193
       2.393	0.175194
       2.394	0.175195
       2.395	0.175196
       2.396	0.175196
       2.397	0.175197
       2.398	0.175197
       2.399	0.175197
         2.4	0.175198
       2.401	0.175198
       2.402	0.175199
       2.403	0.1752
       2.404	0.175201
       2.405	0.175202
       2.406	0.175203
       2.407	0.175204
       2.408	0.175206
       2.409	0.175207
        2.41	0.175208
       2.411	0.175209
       2.412	0.175211
       2.413	0.175212
       2.414	0.175214
       2.415	0.175215
       2.416	0.175216
       2.417	0.175218
       2.418	0.17522
       2.419	0.175221
        2.42	0.175223
       2.421	0.175225
       2.422	0.175227
       2.423	0.175228
       2.424	0.17523
       2.425	0.175232
       2.426	0.175234
       2.427	0.175235
       2.428	0.175237
       2.429	0.175238
        2.43	0.17524
       2.431	0.175241
       2.432	0.175243
       2.433	0.175245
       2.434	0.175246
       2.435	0.175248
       2.436	0.175249
       2.437	0.175251
       2.438	0.175252
       2.439	0.175253
        2.44	0.175254
       2.441	0.175254
       2.442	0.175255
       2.443	0.175255
       2.444	0.175254
       2.445	0.175253
       2.446	0.175252
       2.447	0.17525
       2.448	0.175248
       2.449	0.175246
        2.45	0.175244
       2.451	0.175243
       2.452	0.175242
       2.453	0.175241
       2.454	0.175242
       2.455	0.175242
       2.456	0.175243
       2.457	0.175245
       2.458	0.175246
       2.459	0.175248
        2.46	0.17525
       2.461	0.175252
       2.462	0.175254
       2.463	0.175256
       2.464	0.175258
       2.465	0.17526
       2.466	0.175262
       2.467	0.175264
       2.468	0.175266
       2.469	0.175268
        2.47	0.17527
       2.471	0.175272
       2.472	0.175274
       2.473	0.175276
       2.474	0.175279
       2.475	0.175281
       2.476	0.175283
       2.477	0.175285
       2.478	0.175288
       2.479	0.17529
        2.48	0.175292
       2.481	0.175295
       2.482	0.175297
       2.483	0.175299
       2.484	0.175302
       2.485	0.175304
       2.486	0.175306
       2.487	0.175308
       2.488	0.17531
       2.489	0.175312
        2.49	0.175315
       2.491	0.175317
       2.492	0.17532
       2.493	0.175322
       2.494	0.175325
       2.495	0.175328
       2.496	0.175331
       2.497	0.175334
       2.498	0.175337
       2.499	0.175339
         2.5	0.175342
       2.501	0.175344
       2.502	0.175346
       2.503	0.175348
       2.504	0.17535
       2.505	0.175352
       2.506	0.175354
       2.507	0.175355
       2.508	0.175357
       2.509	0.175359
        2.51	0.17536
       2.511	0.175362
       2.512	0.175363
       2.513	0.175365
       2.514	0.175366
       2.515	0.175368
       2.516	0.175369
       2.517	0.175371
       2.518	0.175372
       2.519	0.175373
        2.52	0.175375
       2.521	0.175376
       2.522	0.175378
       2.523	0.175379
       2.524	0.175381
       2.525	0.175382
       2.526	0.175384
       2.527	0.175386
       2.528	0.175392
       2.529	0.175397
        2.53	0.175401
       2.531	0.175407
       2.532	0.175414
       2.533	0.175421
       2.534	0.175427
       2.535	0.175432
       2.536	0.175436
       2.537	0.17544
       2.538	0.175442
       2.539	0.175445
        2.54	0.175446
       2.541	0.175447
       2.542	0.175448
       2.543	0.175448
       2.544	0.175448
       2.545	0.175448
       2.546	0.175448
       2.547	0.175448
       2.548	0.175449
       2.549	0.175449
        2.55	0.175449
       2.551	0.175449
       2.552	0.17545
       2.553	0.17545
       2.554	0.175451
       2.555	0.175451
       2.556	0.175451
       2.557	0.175451
       2.558	0.175451
       2.559	0.175452
        2.56	0.175452
       2.561	0.175453
       2.562	0.175453
       2.563	0.175453
       2.564	0.175454
       2.565	0.175455
       2.566	0.175455
       2.567	0.175456
       2.568	0.175456
       2.569	0.175456
        2.57	0.175456
       2.571	0.175457
       2.572	0.175457
       2.573	0.175457
       2.574	0.175457
       2.575	0.175457
       2.576	0.175457
       2.577	0.175457
       2.578	0.175457
       2.579	0.175456
        2.58	0.175456
       2.581	0.175456
       2.582	0.175456
       2.583	0.175456
       2.584	0.175456
       2.585	0.175456
       2.586	0.175456
       2.587	0.175457
       2.588	0.175457
       2.589	0.175458
        2.59	0.175458
       2.591	0.175459
       2.592	0.17546
       2.593	0.17546
       2.594	0.175461
       2.595	0.175462
       2.596	0.175462
       2.597	0.175463
       2.598	0.175463
       2.599	0.175464
         2.6	0.175465
       2.601	0.175466
       2.602	0.175466
       2.603	0.175467
       2.604	0.175468
       2.605	0.175469
       2.606	0.175471
       2.607	0.175472
       2.608	0.175473
       2.609	0.175474
        2.61	0.175475
       2.611	0.175476
       2.612	0.175477
       2.613	0.175478
       2.614	0.175478
       2.615	0.175479
       2.616	0.17548
       2.617	0.17548
       2.618	0.175481
       2.619	0.175481
        2.62	0.175481
       2.621	0.175481
       2.622	0.175481
       2.623	0.175481
       2.624	0.17548
       2.625	0.175479
       2.626	0.175478
       2.627	0.175475
       2.628	0.175473
       2.629	0.17547
        2.63	0.175467
       2.631	0.175464
       2.632	0.175462
       2.633	0.17546
       2.634	0.175459
       2.635	0.175459
       2.636	0.175459
       2.637	0.175459
       2.638	0.175459
       2.639	0.17546
        2.64	0.175461
       2.641	0.175462
       2.642	0.175463
       2.643	0.175465
       2.644	0.175466
       2.645	0.175467
       2.646	0.175468
       2.647	0.17547
       2.648	0.175471
       2.649	0.175472
        2.65	0.175474
       2.651	0.175476
       2.652	0.175477
       2.653	0.175479
       2.654	0.175481
       2.655	0.175482
       2.656	0.175484
       2.657	0.175485
       2.658	0.175487
       2.659	0.175488
        2.66	0.17549
       2.661	0.175491
       2.662	0.175492
       2.663	0.175494
       2.664	0.175495
       2.665	0.175497
       2.666	0.175498
       2.667	0.1755
       2.668	0.175502
       2.669	0.175504
        2.67	0.175506
       2.671	0.175507
       2.672	0.175509
       2.673	0.175511
       2.674	0.175513
       2.675	0.175515
       2.676	0.175517
       2.677	0.175519
       2.678	0.175521
       2.679	0.175523
        2.68	0.175525
       2.681	0.175527
       2.682	0.175528
       2.683	0.17553
       2.684	0.175531
       2.685	0.175533
       2.686	0.175534
       2.687	0.175535
       2.688	0.175536
       2.689	0.175537
        2.69	0.175538
       2.691	0.175538
       2.692	0.175539
       2.693	0.17554
       2.694	0.175541
       2.695	0.175542
       2.696	0.175543
       2.697	0.175544
       2.698	0.175545
       2.699	0.175546
         2.7	0.175547
       2.701	0.175548
       2.702	0.175549
       2.703	0.175549
       2.704	0.17555
       2.705	0.175551
       2.706	0.175551
       2.707	0.175552
       2.708	0.175553
       2.709	0.175558
        2.71	0.175563
       2.711	0.175568
       2.712	0.175573
       2.713	0.175579
       2.714	0.175585
       2.715	0.175591
       2.716	0.175595
       2.717	0.175599
       2.718	0.175602
       2.719	0.175604
        2.72	0.175605
       2.721	0.175606
       2.722	0.175606
       2.723	0.175605
       2.724	0.175605
       2.725	0.175604
       2.726	0.175603
       2.727	0.175602
       2.728	0.175602
       2.729	0.175601
        2.73	0.1756
       2.731	0.1756
       2.732	0.1756
       2.733	0.175599
       2.734	0.175599
       2.735	0.175598
       2.736	0.175598
       2.737	0.175598
       2.738	0.175598
       2.739	0.175598
        2.74	0.175598
       2.741	0.175597
       2.742	0.175597
       2.743	0.175597
       2.744	0.175597
       2.745	0.175597
       2.746	0.175597
       2.747	0.175596
       2.748	0.175596
       2.749	0.175596
        2.75	0.175595
       2.751	0.175595
       2.752	0.175594
       2.753	0.175594
       2.754	0.175593
       2.755	0.175593
       2.756	0.175592
       2.757	0.175592
       2.758	0.175591
       2.759	0.17559
        2.76	0.175589
       2.761	0.175589
       2.762	0.175588
       2.763	0.175587
       2.764	0.175586
       2.765	0.175586
       2.766	0.175585
       2.767	0.175585
       2.768	0.175584
       2.769	0.175584
        2.77	0.175583
       2.771	0.175583
       2.772	0.175583
       2.773	0.175582
       2.774	0.175582
       2.775	0.175582
       2.776	0.175582
       2.777	0.175582
       2.778	0.175582
       2.779	0.175582
        2.78	0.175583
       2.781	0.175583
       2.782	0.175583
       2.783	0.175584
       2.784	0.175585
       2.785	0.175586
       2.786	0.175586
       2.787	0.175587
       2.788	0.175587
       2.789	0.175588
        2.79	0.175588
       2.791	0.175589
       2.792	0.175589
       2.793	0.175589
       2.794	0.175589
       2.795	0.175589
       2.796	0.175589
       2.797	0.175589
       2.798	0.17559
       2.799	0.175589
         2.8	0.175589
       2.801	0.175589
       2.802	0.175589
       2.803	0.175589
       2.804	0.175588
       2.805	0.175587
       2.806	0.175585
       2.807	0.175583
       2.808	0.175581
       2.809	0.175578
        2.81	0.175574
       2.811	0.175571
       2.812	0.175567
       2.813	0.175565
       2.814	0.175563
       2.815	0.175561
       2.816	0.17556
       2.817	0.175559
       2.818	0.175558
       2.819	0.175558
        2.82	0.175558
       2.821	0.175558
       2.822	0.175558
       2.823	0.175559
       2.824	0.17556
       2.825	0.175561
       2.826	0.175562
       2.827	0.175564
       2.828	0.175565
       2.829	0.175566
        2.83	0.175567
       2.831	0.175568
       2.832	0.175569
       2.833	0.175571
       2.834	0.175571
       2.835	0.175572
       2.836	0.175573
       2.837	0.175573
       2.838	0.175574
       2.839	0.175575
        2.84	0.175576
       2.841	0.175577
       2.842	0.175578
       2.843	0.175579
       2.844	0.17558
       2.845	0.175581
       2.846	0.175582
       2.847	0.175583
       2.848	0.175584
       2.849	0.175585
        2.85	0.175586
       2.851	0.175587
       2.852	0.175588
       2.853	0.175589
       2.854	0.175591
       2.855	0.175592
       2.856	0.175593
       2.857	0.175595
       2.858	0.175596
       2.859	0.175598
        2.86	0.175599
       2.861	0.1756
       2.862	0.175601
       2.863	0.175602
       2.864	0.175603
       2.865	0.175604
       2.866	0.175605
       2.867	0.175605
       2.868	0.175606
       2.869	0.175607
        2.87	0.175608
       2.871	0.175609
       2.872	0.17561
       2.873	0.17561
       2.874	0.175611
       2.875	0.175611
       2.876	0.175612
       2.877	0.175612
       2.878	0.175612
       2.879	0.175613
        2.88	0.175613
       2.881	0.175613
       2.882	0.175614
       2.883	0.175614
       2.884	0.175615
       2.885	0.175615
       2.886	0.175615
       2.887	0.175616
       2.888	0.175616
       2.889	0.175617
        2.89	0.175618
       2.891	0.175621
       2.892	0.175626
       2.893	0.175633
       2.894	0.175638
       2.895	0.175643
       2.896	0.175649
       2.897	0.175654
       2.898	0.175658
       2.899	0.175661
         2.9	0.175663
       2.901	0.175664
       2.902	0.175665
       2.903	0.175665
       2.904	0.175664
       2.905	0.175664
       2.906	0.175663
       2.907	0.175662
       2.908	0.17566
       2.909	0.175659
        2.91	0.175658
       2.911	0.175656
       2.912	0.175656
       2.913	0.175655
       2.914	0.175654
       2.915	0.175654
       2.916	0.175654
       2.917	0.175654
       2.918	0.175654
       2.919	0.175653
        2.92	0.175653
       2.921	0.175652
       2.922	0.175652
       2.923	0.175651
       2.924	0.175651
       2.925	0.17565
       2.926	0.17565
       2.927	0.175649
       2.928	0.175649
       2.929	0.175648
        2.93	0.175648
       2.931	0.175647
       2.932	0.175647
       2.933	0.175647
       2.934	0.175646
       2.935	0.175646
       2.936	0.175645
       2.937	0.175644
       2.938	0.175643
       2.939	0.175642
        2.94	0.175641
       2.941	0.175639
       2.942	0.175638
       2.943	0.175637
       2.944	0.175636
       2.945	0.175635
       2.946	0.175633
       2.947	0.175632
       2.948	0.175632
       2.949	0.175631
        2.95	0.17563
       2.951	0.175629
       2.952	0.175628
       2.953	0.175627
       2.954	0.175627
       2.955	0.175626
       2.956	0.175626
       2.957	0.175625
       2.958	0.175625
       2.959	0.175625
        2.96	0.175625
       2.961	0.175625
       2.962	0.175626
       2.963	0.175626
       2.964	0.175626
       2.965	0.175626
       2.966	0.175627
       2.967	0.175626
       2.968	0.175626
       2.969	0.175626
        2.97	0.175626
       2.971	0.175626
       2.972	0.175626
       2.973	0.175625
       2.974	0.175625
       2.975	0.175625
       2.976	0.175625
       2.977	0.175625
       2.978	0.175625
       2.979	0.175625
        2.98	0.175624
       2.981	0.175624
       2.982	0.175623
       2.983	0.175622
       2.984	0.175621
       2.985	0.17562
       2.986	0.175618
       2.987	0.175616
       2.988	0.175614
       2.989	0.17561
        2.99	0.175606
       2.991	0.175601
       2.992	0.175597
       2.993	0.175594
       2.994	0.175591
       2.995	0.175589
       2.996	0.175587
       2.997	0.175586
       2.998	0.175585
       2.999	0.175584
           3	0.175583


       3.001	0.196411
       3.002	0.20556
       3.003	0.204968
       3.004	0.198337
       3.005	0.189455
       3.006	0.181542
       3.007	0.176222
       3.008	0.173845
       3.009	0.173938
        3.01	0.17548
       3.011	0.177593
       3.012	0.179578
       3.013	0.181066
       3.014	0.181934
       3.015	0.182288
       3.016	0.182291
       3.017	0.182107
       3.018	0.181853
       3.019	0.181602
        3.02	0.18139
       3.021	0.181229
       3.022	0.181114
       3.023	0.181034
       3.024	0.180989
       3.025	0.180982
       3.026	0.18101
       3.027	0.181064
       3.028	0.181139
       3.029	0.181217
        3.03	0.181285
       3.031	0.181333
       3.032	0.181357
       3.033	0.181358
       3.034	0.181342
       3.035	0.181317
       3.036	0.181287
       3.037	0.181257
       3.038	0.181233
       3.039	0.181214
        3.04	0.181203
       3.041	0.181197
       3.042	0.181197
       3.043	0.181198
       3.044	0.181201
       3.045	0.181202
       3.046	0.181201
       3.047	0.181197
       3.048	0.18119
       3.049	0.18118
        3.05	0.181167
       3.051	0.181154
       3.052	0.181139
       3.053	0.181124
       3.054	0.181109
       3.055	0.181095
       3.056	0.181081
       3.057	0.181067
       3.058	0.181053
       3.059	0.18104
        3.06	0.181026
       3.061	0.181012
       3.062	0.180997
       3.063	0.180981
       3.064	0.180965
       3.065	0.180948
       3.066	0.18093
       3.067	0.180912
       3.068	0.180893
       3.069	0.180877
        3.07	0.18086
       3.071	0.180844
       3.072	0.18083
       3.073	0.180818
       3.074	0.180806
       3.075	0.180793
       3.076	0.180781
       3.077	0.18077
       3.078	0.180757
       3.079	0.180744
        3.08	0.180731
       3.081	0.180719
       3.082	0.180706
       3.083	0.180694
       3.084	0.180682
       3.085	0.180671
       3.086	0.180661
       3.087	0.180651
       3.088	0.180641
       3.089	0.180632
        3.09	0.180623
       3.091	0.180615
       3.092	0.180607
       3.093	0.180599
       3.094	0.180591
       3.095	0.180584
       3.096	0.180576
       3.097	0.180568
       3.098	0.180561
       3.099	0.180553
         3.1	0.180545
       3.101	0.180537
       3.102	0.18053
       3.103	0.180522
       3.104	0.180515
       3.105	0.180507
       3.106	0.180499
       3.107	0.180492
       3.108	0.180484
       3.109	0.180476
        3.11	0.180468
       3.111	0.180459
       3.112	0.180451
       3.113	0.180443
       3.114	0.180435
       3.115	0.180427
       3.116	0.180419
       3.117	0.180411
       3.118	0.180404
       3.119	0.180396
        3.12	0.180389
       3.121	0.180382
       3.122	0.180374
       3.123	0.180367
       3.124	0.180361
       3.125	0.180354
       3.126	0.180348
       3.127	0.180342
       3.128	0.180336
       3.129	0.180331
        3.13	0.180326
       3.131	0.180321
       3.132	0.180317
       3.133	0.180312
       3.134	0.180309
       3.135	0.180305
       3.136	0.180302
       3.137	0.180299
       3.138	0.180296
       3.139	0.180293
        3.14	0.180291
       3.141	0.180289
       3.142	0.180288
       3.143	0.180287
       3.144	0.180286
       3.145	0.180286
       3.146	0.180285
       3.147	0.180284
       3.148	0.180284
       3.149	0.180283
        3.15	0.180282
       3.151	0.180281
       3.152	0.180281
       3.153	0.180281
       3.154	0.18028
       3.155	0.18028
       3.156	0.18028
       3.157	0.180279
       3.158	0.180279
       3.159	0.180278
        3.16	0.180276
       3.161	0.180273
       3.162	0.180271
       3.163	0.180268
       3.164	0.180266
       3.165	0.180264
       3.166	0.180263
       3.167	0.180263
       3.168	0.180264
       3.169	0.180265
        3.17	0.180267
       3.171	0.180269
       3.172	0.180272
       3.173	0.180275
       3.174	0.180279
       3.175	0.180283
       3.176	0.180287
       3.177	0.180291
       3.178	0.180295
       3.179	0.1803
        3.18	0.180304
       3.181	0.180309
       3.182	0.180313
       3.183	0.180318
       3.184	0.180323
       3.185	0.180329
       3.186	0.180334
       3.187	0.18034
       3.188	0.180346
       3.189	0.180351
        3.19	0.180357
       3.191	0.180363
       3.192	0.180368
       3.193	0.180374
       3.194	0.180379
       3.195	0.180385
       3.196	0.18039
       3.197	0.180396
       3.198	0.180401
       3.199	0.180407
         3.2	0.180412
       3.201	0.180417
       3.202	0.180422
       3.203	0.180428
       3.204	0.180433
       3.205	0.180438
       3.206	0.180443
       3.207	0.180447
       3.208	0.180452
       3.209	0.180457
        3.21	0.180462
       3.211	0.180466
       3.212	0.18047
       3.213	0.180475
       3.214	0.180479
       3.215	0.180484
       3.216	0.180488
       3.217	0.180492
       3.218	0.180496
       3.219	0.1805
        3.22	0.180504
       3.221	0.180507
       3.222	0.180511
       3.223	0.180515
       3.224	0.180518
       3.225	0.180521
       3.226	0.180524
       3.227	0.180528
       3.228	0.180531
       3.229	0.180534
        3.23	0.180537
       3.231	0.18054
       3.232	0.180542
       3.233	0.180545
       3.234	0.180547
       3.235	0.18055
       3.236	0.180552
       3.237	0.180554
       3.238	0.180556
       3.239	0.180558
        3.24	0.18056
       3.241	0.180561
       3.242	0.180562
       3.243	0.180565
       3.244	0.180568
       3.245	0.180572
       3.246	0.18058
       3.247	0.180587
       3.248	0.180593
       3.249	0.180598
        3.25	0.180604
       3.251	0.180609
       3.252	0.180612
       3.253	0.180614
       3.254	0.180615
       3.255	0.180615
       3.256	0.180614
       3.257	0.180613
       3.258	0.180611
       3.259	0.18061
        3.26	0.180608
       3.261	0.180607
       3.262	0.180606
       3.263	0.180605
       3.264	0.180605
       3.265	0.180605
       3.266	0.180606
       3.267	0.180607
       3.268	0.180608
       3.269	0.18061
        3.27	0.180612
       3.271	0.180614
       3.272	0.180616
       3.273	0.180619
       3.274	0.180622
       3.275	0.180625
       3.276	0.180629
       3.277	0.180633
       3.278	0.180637
       3.279	0.180642
        3.28	0.180647
       3.281	0.180652
       3.282	0.180657
       3.283	0.180663
       3.284	0.180668
       3.285	0.180674
       3.286	0.180679
       3.287	0.180685
       3.288	0.180693
       3.289	0.180697
        3.29	0.180702
       3.291	0.180707
       3.292	0.180712
       3.293	0.180717
       3.294	0.180722
       3.295	0.180727
       3.296	0.180732
       3.297	0.180737
       3.298	0.180742
       3.299	0.180746
         3.3	0.18075
       3.301	0.180754
       3.302	0.180758
       3.303	0.180762
       3.304	0.180766
       3.305	0.180769
       3.306	0.180773
       3.307	0.180776
       3.308	0.18078
       3.309	0.180783
        3.31	0.180786
       3.311	0.18079
       3.312	0.180793
       3.313	0.180796
       3.314	0.180798
       3.315	0.180801
       3.316	0.180803
       3.317	0.180805
       3.318	0.180807
       3.319	0.180807
        3.32	0.180808
       3.321	0.180808
       3.322	0.180807
       3.323	0.180806
       3.324	0.180805
       3.325	0.180802
       3.326	0.1808
       3.327	0.180796
       3.328	0.180791
       3.329	0.180785
        3.33	0.18078
       3.331	0.180774
       3.332	0.180769
       3.333	0.180764
       3.334	0.18076
       3.335	0.180756
       3.336	0.180753
       3.337	0.180751
       3.338	0.180749
       3.339	0.180748
        3.34	0.180747
       3.341	0.180747
       3.342	0.180747
       3.343	0.180748
       3.344	0.180748
       3.345	0.18075
       3.346	0.180751
       3.347	0.180752
       3.348	0.180754
       3.349	0.180756
        3.35	0.180758
       3.351	0.18076
       3.352	0.180763
       3.353	0.180767
       3.354	0.180771
       3.355	0.180775
       3.356	0.18078
       3.357	0.180785
       3.358	0.18079
       3.359	0.180795
        3.36	0.1808
       3.361	0.180806
       3.362	0.180812
       3.363	0.180817
       3.364	0.180823
       3.365	0.18083
       3.366	0.180836
       3.367	0.180843
       3.368	0.180849
       3.369	0.180856
        3.37	0.180861
       3.371	0.180869
       3.372	0.180875
       3.373	0.180882
       3.374	0.180892
       3.375	0.180898
       3.376	0.180905
       3.377	0.180912
       3.378	0.180919
       3.379	0.180926
        3.38	0.180933
       3.381	0.180939
       3.382	0.180946
       3.383	0.180952
       3.384	0.180958
       3.385	0.180963
       3.386	0.180969
       3.387	0.180975
       3.388	0.18098
       3.389	0.180985
        3.39	0.180988
       3.391	0.180992
       3.392	0.180996
       3.393	0.180999
       3.394	0.181003
       3.395	0.181005
       3.396	0.181008
       3.397	0.181011
       3.398	0.181013
       3.399	0.181015
         3.4	0.181017
       3.401	0.181018
       3.402	0.18102
       3.403	0.18102
       3.404	0.181021
       3.405	0.181021
       3.406	0.181022
       3.407	0.181022
       3.408	0.181022
       3.409	0.181021
        3.41	0.181021
       3.411	0.18102
       3.412	0.18102
       3.413	0.181024
       3.414	0.18103
       3.415	0.181035
       3.416	0.181039
       3.417	0.181043
       3.418	0.181048
       3.419	0.181052
        3.42	0.181055
       3.421	0.181057
       3.422	0.181059
       3.423	0.181059
       3.424	0.181059
       3.425	0.181058
       3.426	0.181057
       3.427	0.181055
       3.428	0.181054
       3.429	0.181053
        3.43	0.181052
       3.431	0.181052
       3.432	0.181051
       3.433	0.181051
       3.434	0.181051
       3.435	0.181052
       3.436	0.181053
       3.437	0.181054
       3.438	0.181055
       3.439	0.181055
        3.44	0.181058
       3.441	0.18106
       3.442	0.181061
       3.443	0.181064
       3.444	0.181066
       3.445	0.181069
       3.446	0.181071
       3.447	0.181074
       3.448	0.181077
       3.449	0.181081
        3.45	0.181084
       3.451	0.181088
       3.452	0.181092
       3.453	0.181095
       3.454	0.181099
       3.455	0.181102
       3.456	0.181105
       3.457	0.181109
       3.458	0.181112
       3.459	0.181115
        3.46	0.181118
       3.461	0.181121
       3.462	0.181124
       3.463	0.181127
       3.464	0.18113
       3.465	0.181132
       3.466	0.181135
       3.467	0.181137
       3.468	0.18114
       3.469	0.181142
        3.47	0.181145
       3.471	0.181147
       3.472	0.18115
       3.473	0.181152
       3.474	0.181155
       3.475	0.181157
       3.476	0.181159
       3.477	0.181161
       3.478	0.181163
       3.479	0.181165
        3.48	0.181168
       3.481	0.181169
       3.482	0.18117
       3.483	0.181172
       3.484	0.181173
       3.485	0.181174
       3.486	0.181176
       3.487	0.181177
       3.488	0.181178
       3.489	0.181178
        3.49	0.181179
       3.491	0.181179
       3.492	0.181179
       3.493	0.181179
       3.494	0.181179
       3.495	0.181178
       3.496	0.181176
       3.497	0.181173
       3.498	0.18117
       3.499	0.181165
         3.5	0.181161
       3.501	0.181155
       3.502	0.18115
       3.503	0.181146
       3.504	0.181142
       3.505	0.181138
       3.506	0.181135
       3.507	0.181132
       3.508	0.181131
       3.509	0.181129
        3.51	0.181128
       3.511	0.181127
       3.512	0.181127
       3.513	0.181126
       3.514	0.181126
       3.515	0.181126
       3.516	0.181126
       3.517	0.181127
       3.518	0.181127
       3.519	0.181128
        3.52	0.181129
       3.521	0.18113
       3.522	0.181131
       3.523	0.181132
       3.524	0.181133
       3.525	0.181135
       3.526	0.181136
       3.527	0.181139
       3.528	0.181141
       3.529	0.181143
        3.53	0.181145
       3.531	0.181148
       3.532	0.18115
       3.533	0.181153
       3.534	0.181155
       3.535	0.181158
       3.536	0.181161
       3.537	0.181163
       3.538	0.181166
       3.539	0.181169
        3.54	0.181172
       3.541	0.181175
       3.542	0.181178
       3.543	0.181182
       3.544	0.181185
       3.545	0.181188
       3.546	0.181192
       3.547	0.181195
       3.548	0.181198
       3.549	0.181202
        3.55	0.181205
       3.551	0.181209
       3.552	0.181212
       3.553	0.181216
       3.554	0.18122
       3.555	0.181223
       3.556	0.181227
       3.557	0.181231
       3.558	0.181234
       3.559	0.181237
        3.56	0.18124
       3.561	0.181243
       3.562	0.181246
       3.563	0.181249
       3.564	0.181252
       3.565	0.181255
       3.566	0.181258
       3.567	0.181259
       3.568	0.181262
       3.569	0.181264
        3.57	0.181266
       3.571	0.181268
       3.572	0.18127
       3.573	0.181272
       3.574	0.181274
       3.575	0.181276
       3.576	0.181278
       3.577	0.18128
       3.578	0.181282
       3.579	0.181283
        3.58	0.181284
       3.581	0.181286
       3.582	0.181287
       3.583	0.181287
       3.584	0.181294
       3.585	0.181302
       3.586	0.181308
       3.587	0.181312
       3.588	0.181317
       3.589	0.181324
        3.59	0.181329
       3.591	0.181333
       3.592	0.181336
       3.593	0.181338
       3.594	0.181339
       3.595	0.181339
       3.596	0.181339
       3.597	0.181338
       3.598	0.181336
       3.599	0.181334
         3.6	0.181332
       3.601	0.181331
       3.602	0.181329
       3.603	0.181327
       3.604	0.181326
       3.605	0.181324
       3.606	0.181323
       3.607	0.181322
       3.608	0.181322
       3.609	0.181321
        3.61	0.18132
       3.611	0.181319
       3.612	0.181319
       3.613	0.181318
       3.614	0.181318
       3.615	0.181318
       3.616	0.181318
       3.617	0.181317
       3.618	0.181317
       3.619	0.181317
        3.62	0.181317
       3.621	0.181317
       3.622	0.181317
       3.623	0.181317
       3.624	0.181317
       3.625	0.181316
       3.626	0.181316
       3.627	0.181315
       3.628	0.181315
       3.629	0.181315
        3.63	0.181315
       3.631	0.181314
       3.632	0.181314
       3.633	0.181314
       3.634	0.181313
       3.635	0.181313
       3.636	0.181313
       3.637	0.181312
       3.638	0.181312
       3.639	0.181312
        3.64	0.181312
       3.641	0.181312
       3.642	0.181313
       3.643	0.181313
       3.644	0.181313
       3.645	0.181314
       3.646	0.181314
       3.647	0.181315
       3.648	0.181315
       3.649	0.181316
        3.65	0.181317
       3.651	0.181317
       3.652	0.181318
       3.653	0.18132
       3.654	0.181321
       3.655	0.181323
       3.656	0.181324
       3.657	0.181326
       3.658	0.181327
       3.659	0.181328
        3.66	0.181329
       3.661	0.18133
       3.662	0.18133
       3.663	0.181331
       3.664	0.181331
       3.665	0.181331
       3.666	0.18133
       3.667	0.181329
       3.668	0.181328
       3.669	0.181325
        3.67	0.181322
       3.671	0.181319
       3.672	0.181316
       3.673	0.181314
       3.674	0.181311
       3.675	0.181309
       3.676	0.181308
       3.677	0.181307
       3.678	0.181306
       3.679	0.181306
        3.68	0.181306
       3.681	0.181306
       3.682	0.181306
       3.683	0.181307
       3.684	0.181308
       3.685	0.181309
       3.686	0.18131
       3.687	0.181311
       3.688	0.181312
       3.689	0.181314
        3.69	0.181315
       3.691	0.181316
       3.692	0.181316
       3.693	0.181317
       3.694	0.181318
       3.695	0.181319
       3.696	0.181319
       3.697	0.18132
       3.698	0.181321
       3.699	0.181322
         3.7	0.181323
       3.701	0.181324
       3.702	0.181326
       3.703	0.181327
       3.704	0.181328
       3.705	0.18133
       3.706	0.181332
       3.707	0.181333
       3.708	0.181335
       3.709	0.181337
        3.71	0.181338
       3.711	0.181339
       3.712	0.181341
       3.713	0.181342
       3.714	0.181343
       3.715	0.181345
       3.716	0.181346
       3.717	0.181348
       3.718	0.181349
       3.719	0.181351
        3.72	0.181353
       3.721	0.181354
       3.722	0.181356
       3.723	0.181357
       3.724	0.181359
       3.725	0.18136
       3.726	0.181361
       3.727	0.181362
       3.728	0.181364
       3.729	0.181365
        3.73	0.181366
       3.731	0.181367
       3.732	0.181368
       3.733	0.181369
       3.734	0.181371
       3.735	0.181372
       3.736	0.181373
       3.737	0.181375
       3.738	0.181376
       3.739	0.181378
        3.74	0.181379
       3.741	0.181381
       3.742	0.181383
       3.743	0.181384
       3.744	0.181385
       3.745	0.181386
       3.746	0.181387
       3.747	0.181388
       3.748	0.181389
       3.749	0.181389
        3.75	0.18139
       3.751	0.181391
       3.752	0.181394
       3.753	0.181396
       3.754	0.1814
       3.755	0.181407
       3.756	0.181415
       3.757	0.181421
       3.758	0.181427
       3.759	0.181433
        3.76	0.181439
       3.761	0.181443
       3.762	0.181446
       3.763	0.181447
       3.764	0.181448
       3.765	0.181447
       3.766	0.181446
       3.767	0.181445
       3.768	0.181444
       3.769	0.181442
        3.77	0.181441
       3.771	0.181439
       3.772	0.181438
       3.773	0.181437
       3.774	0.181436
       3.775	0.181435
       3.776	0.181434
       3.777	0.181434
       3.778	0.181433
       3.779	0.181433
        3.78	0.181432
       3.781	0.181432
       3.782	0.181432
       3.783	0.181431
       3.784	0.181431
       3.785	0.18143
       3.786	0.181429
       3.787	0.181428
       3.788	0.181428
       3.789	0.181427
        3.79	0.181426
       3.791	0.181426
       3.792	0.181425
       3.793	0.181424
       3.794	0.181424
       3.795	0.181423
       3.796	0.181422
       3.797	0.181421
       3.798	0.18142
       3.799	0.181419
         3.8	0.181418
       3.801	0.181417
       3.802	0.181416
       3.803	0.181415
       3.804	0.181414
       3.805	0.181413
       3.806	0.181412
       3.807	0.181411
       3.808	0.181409
       3.809	0.181408
        3.81	0.181407
       3.811	0.181406
       3.812	0.181406
       3.813	0.181405
       3.814	0.181404
       3.815	0.181404
       3.816	0.181403
       3.817	0.181402
       3.818	0.181402
       3.819	0.181402
        3.82	0.181402
       3.821	0.181402
       3.822	0.181402
       3.823	0.181402
       3.824	0.181403
       3.825	0.181403
       3.826	0.181403
       3.827	0.181403
       3.828	0.181403
       3.829	0.181403
        3.83	0.181403
       3.831	0.181403
       3.832	0.181402
       3.833	0.181401
       3.834	0.1814
       3.835	0.181398
       3.836	0.181396
       3.837	0.181392
       3.838	0.181389
       3.839	0.181384
        3.84	0.181381
       3.841	0.181377
       3.842	0.181375
       3.843	0.181372
       3.844	0.181371
       3.845	0.181369
       3.846	0.181369
       3.847	0.181368
       3.848	0.181368
       3.849	0.181369
        3.85	0.181369
       3.851	0.18137
       3.852	0.181371
       3.853	0.181371
       3.854	0.181372
       3.855	0.181373
       3.856	0.181374
       3.857	0.181374
       3.858	0.181375
       3.859	0.181376
        3.86	0.181377
       3.861	0.181377
       3.862	0.181378
       3.863	0.181379
       3.864	0.18138
       3.865	0.181381
       3.866	0.181382
       3.867	0.181383
       3.868	0.181385
       3.869	0.181386
        3.87	0.181387
       3.871	0.181388
       3.872	0.181388
       3.873	0.181389
       3.874	0.18139
       3.875	0.18139
       3.876	0.18139
       3.877	0.181391
       3.878	0.181391
       3.879	0.181392
        3.88	0.181392
       3.881	0.181393
       3.882	0.181394
       3.883	0.181394
       3.884	0.181396
       3.885	0.181397
       3.886	0.181398
       3.887	0.181399
       3.888	0.181399
       3.889	0.1814
        3.89	0.181401
       3.891	0.181402
       3.892	0.181404
       3.893	0.181405
       3.894	0.181405
       3.895	0.181406
       3.896	0.181407
       3.897	0.181407
       3.898	0.181408
       3.899	0.181408
         3.9	0.181409
       3.901	0.181409
       3.902	0.181409
       3.903	0.18141
       3.904	0.18141
       3.905	0.181411
       3.906	0.181411
       3.907	0.181411
       3.908	0.181412
       3.909	0.181412
        3.91	0.181413
       3.911	0.181413
       3.912	0.181414
       3.913	0.181414
       3.914	0.181414
       3.915	0.181415
       3.916	0.181415
       3.917	0.181415
       3.918	0.181415
       3.919	0.181415
        3.92	0.181415
       3.921	0.181416
       3.922	0.181419
       3.923	0.181424
       3.924	0.181431
       3.925	0.181437
       3.926	0.181442
       3.927	0.181448
       3.928	0.181453
       3.929	0.181458
        3.93	0.181461
       3.931	0.181463
       3.932	0.181465
       3.933	0.181465
       3.934	0.181465
       3.935	0.181464
       3.936	0.181463
       3.937	0.181461
       3.938	0.181459
       3.939	0.181458
        3.94	0.181456
       3.941	0.181455
       3.942	0.181454
       3.943	0.181452
       3.944	0.181451
       3.945	0.18145
       3.946	0.18145
       3.947	0.181449
       3.948	0.181448
       3.949	0.181447
        3.95	0.181447
       3.951	0.181447
       3.952	0.181446
       3.953	0.181445
       3.954	0.181444
       3.955	0.181443
       3.956	0.181443
       3.957	0.181442
       3.958	0.181441
       3.959	0.181441
        3.96	0.18144
       3.961	0.181439
       3.962	0.181438
       3.963	0.181437
       3.964	0.181436
       3.965	0.181435
       3.966	0.181434
       3.967	0.181433
       3.968	0.181432
       3.969	0.18143
        3.97	0.181429
       3.971	0.181428
       3.972	0.181427
       3.973	0.181425
       3.974	0.181424
       3.975	0.181423
       3.976	0.181422
       3.977	0.181421
       3.978	0.18142
       3.979	0.181419
        3.98	0.181417
       3.981	0.181416
       3.982	0.181415
       3.983	0.181414
       3.984	0.181413
       3.985	0.181412
       3.986	0.181412
       3.987	0.181411
       3.988	0.181411
       3.989	0.181411
        3.99	0.181411
       3.991	0.181411
       3.992	0.181411
       3.993	0.181411
       3.994	0.181411
       3.995	0.181411
       3.996	0.181411
       3.997	0.181411
       3.998	0.181411
       3.999	0.18141
           4	0.18141


       4.001	0.202252
       4.002	0.211974
       4.003	0.211652
       4.004	0.205144
       4.005	0.196377
       4.006	0.188507
       4.007	0.183097
       4.008	0.180501
       4.009	0.180211
        4.01	0.181369
       4.011	0.183129
       4.012	0.184875
       4.013	0.18626
       4.014	0.1872
       4.015	0.18773
       4.016	0.18795
       4.017	0.187963
       4.018	0.187848
       4.019	0.187659
        4.02	0.187437
       4.021	0.187212
       4.022	0.187008
       4.023	0.186844
       4.024	0.186728
       4.025	0.186673
       4.026	0.186677
       4.027	0.186728
       4.028	0.18681
       4.029	0.186903
        4.03	0.186988
       4.031	0.18705
       4.032	0.187082
       4.033	0.187084
       4.034	0.187064
       4.035	0.187029
       4.036	0.186988
       4.037	0.186947
       4.038	0.186912
       4.039	0.186885
        4.04	0.186866
       4.041	0.186853
       4.042	0.186847
       4.043	0.186843
       4.044	0.186841
       4.045	0.186838
       4.046	0.186833
       4.047	0.186825
       4.048	0.186815
       4.049	0.186803
        4.05	0.186789
       4.051	0.186774
       4.052	0.186758
       4.053	0.186742
       4.054	0.186727
       4.055	0.186711
       4.056	0.186697
       4.057	0.186683
       4.058	0.186668
       4.059	0.186654
        4.06	0.18664
       4.061	0.186626
       4.062	0.18661
       4.063	0.186593
       4.064	0.186575
       4.065	0.186555
       4.066	0.186534
       4.067	0.186512
       4.068	0.18649
       4.069	0.186467
        4.07	0.186444
       4.071	0.186422
       4.072	0.186401
       4.073	0.186381
       4.074	0.186361
       4.075	0.186342
       4.076	0.186324
       4.077	0.186306
       4.078	0.186289
       4.079	0.186273
        4.08	0.186259
       4.081	0.186245
       4.082	0.186234
       4.083	0.186224
       4.084	0.186215
       4.085	0.186208
       4.086	0.1862
       4.087	0.186194
       4.088	0.186191
       4.089	0.186187
        4.09	0.186187
       4.091	0.186187
       4.092	0.186189
       4.093	0.186189
       4.094	0.186187
       4.095	0.186186
       4.096	0.186184
       4.097	0.186181
       4.098	0.186178
       4.099	0.186173
         4.1	0.186167
       4.101	0.186161
       4.102	0.186153
       4.103	0.186145
       4.104	0.186137
       4.105	0.186128
       4.106	0.18612
       4.107	0.186111
       4.108	0.186101
       4.109	0.186092
        4.11	0.186083
       4.111	0.186073
       4.112	0.186063
       4.113	0.186053
       4.114	0.186043
       4.115	0.186034
       4.116	0.186024
       4.117	0.186015
       4.118	0.186005
       4.119	0.185996
        4.12	0.185987
       4.121	0.185977
       4.122	0.185968
       4.123	0.185959
       4.124	0.18595
       4.125	0.185941
       4.126	0.185933
       4.127	0.185925
       4.128	0.185916
       4.129	0.185909
        4.13	0.185901
       4.131	0.185894
       4.132	0.185887
       4.133	0.18588
       4.134	0.185874
       4.135	0.185867
       4.136	0.185861
       4.137	0.185855
       4.138	0.18585
       4.139	0.185844
        4.14	0.185839
       4.141	0.185834
       4.142	0.18583
       4.143	0.185825
       4.144	0.185822
       4.145	0.185818
       4.146	0.185815
       4.147	0.185812
       4.148	0.185809
       4.149	0.185807
        4.15	0.185806
       4.151	0.185805
       4.152	0.185804
       4.153	0.185803
       4.154	0.185803
       4.155	0.185803
       4.156	0.185804
       4.157	0.185804
       4.158	0.185805
       4.159	0.185806
        4.16	0.185807
       4.161	0.185809
       4.162	0.18581
       4.163	0.185811
       4.164	0.185813
       4.165	0.185815
       4.166	0.185816
       4.167	0.185818
       4.168	0.18582
       4.169	0.185822
        4.17	0.185823
       4.171	0.185825
       4.172	0.185827
       4.173	0.185829
       4.174	0.18583
       4.175	0.185832
       4.176	0.185834
       4.177	0.185835
       4.178	0.185837
       4.179	0.185839
        4.18	0.18584
       4.181	0.185842
       4.182	0.185844
       4.183	0.185846
       4.184	0.185847
       4.185	0.185849
       4.186	0.185851
       4.187	0.185852
       4.188	0.185853
       4.189	0.185853
        4.19	0.185852
       4.191	0.185852
       4.192	0.185852
       4.193	0.185854
       4.194	0.185856
       4.195	0.185859
       4.196	0.185862
       4.197	0.185867
       4.198	0.185872
       4.199	0.185877
         4.2	0.185883
       4.201	0.185888
       4.202	0.185893
       4.203	0.185898
       4.204	0.185903
       4.205	0.185907
       4.206	0.185911
       4.207	0.185915
       4.208	0.185918
       4.209	0.18592
        4.21	0.185923
       4.211	0.185924
       4.212	0.185926
       4.213	0.185926
       4.214	0.185926
       4.215	0.185926
       4.216	0.185925
       4.217	0.185923
       4.218	0.185921
       4.219	0.185918
        4.22	0.185915
       4.221	0.185911
       4.222	0.185907
       4.223	0.185902
       4.224	0.185898
       4.225	0.185893
       4.226	0.185888
       4.227	0.185884
       4.228	0.18588
       4.229	0.185876
        4.23	0.185872
       4.231	0.185869
       4.232	0.185867
       4.233	0.185865
       4.234	0.185864
       4.235	0.185864
       4.236	0.185864
       4.237	0.185865
       4.238	0.185867
       4.239	0.18587
        4.24	0.185873
       4.241	0.185877
       4.242	0.185882
       4.243	0.185888
       4.244	0.185894
       4.245	0.1859
       4.246	0.185908
       4.247	0.185915
       4.248	0.185923
       4.249	0.185932
        4.25	0.18594
       4.251	0.185949
       4.252	0.185958
       4.253	0.185967
       4.254	0.185977
       4.255	0.185986
       4.256	0.185995
       4.257	0.186004
       4.258	0.186013
       4.259	0.186022
        4.26	0.186031
       4.261	0.186039
       4.262	0.186048
       4.263	0.186057
       4.264	0.186066
       4.265	0.186076
       4.266	0.186085
       4.267	0.186094
       4.268	0.186103
       4.269	0.186112
        4.27	0.186121
       4.271	0.186129
       4.272	0.186137
       4.273	0.186145
       4.274	0.186152
       4.275	0.186167
       4.276	0.186181
       4.277	0.186191
       4.278	0.1862
       4.279	0.186212
        4.28	0.186224
       4.281	0.186235
       4.282	0.186243
       4.283	0.18625
       4.284	0.186256
       4.285	0.18626
       4.286	0.186264
       4.287	0.186266
       4.288	0.186267
       4.289	0.186267
        4.29	0.186267
       4.291	0.186266
       4.292	0.186264
       4.293	0.186261
       4.294	0.186257
       4.295	0.186253
       4.296	0.186247
       4.297	0.186241
       4.298	0.186235
       4.299	0.186227
         4.3	0.18622
       4.301	0.186212
       4.302	0.186204
       4.303	0.186195
       4.304	0.186187
       4.305	0.186179
       4.306	0.186171
       4.307	0.186163
       4.308	0.186156
       4.309	0.186149
        4.31	0.186142
       4.311	0.186136
       4.312	0.186131
       4.313	0.186125
       4.314	0.186121
       4.315	0.186117
       4.316	0.186114
       4.317	0.186111
       4.318	0.186109
       4.319	0.186109
        4.32	0.186109
       4.321	0.186109
       4.322	0.186111
       4.323	0.186113
       4.324	0.186116
       4.325	0.186119
       4.326	0.186124
       4.327	0.186128
       4.328	0.186133
       4.329	0.186138
        4.33	0.186144
       4.331	0.186149
       4.332	0.186156
       4.333	0.186162
       4.334	0.186168
       4.335	0.186174
       4.336	0.186181
       4.337	0.186187
       4.338	0.186194
       4.339	0.186201
        4.34	0.186207
       4.341	0.186214
       4.342	0.186222
       4.343	0.186229
       4.344	0.186236
       4.345	0.186243
       4.346	0.18625
       4.347	0.186257
       4.348	0.186264
       4.349	0.18627
        4.35	0.186276
       4.351	0.186282
       4.352	0.186288
       4.353	0.186293
       4.354	0.186298
       4.355	0.186303
       4.356	0.186307
       4.357	0.186311
       4.358	0.186313
       4.359	0.186315
        4.36	0.186315
       4.361	0.186315
       4.362	0.186313
       4.363	0.186312
       4.364	0.186311
       4.365	0.18631
       4.366	0.186308
       4.367	0.186308
       4.368	0.186307
       4.369	0.186307
        4.37	0.186306
       4.371	0.186305
       4.372	0.186304
       4.373	0.186302
       4.374	0.186299
       4.375	0.186296
       4.376	0.186293
       4.377	0.186288
       4.378	0.186284
       4.379	0.186279
        4.38	0.186274
       4.381	0.186268
       4.382	0.186263
       4.383	0.186257
       4.384	0.186252
       4.385	0.186246
       4.386	0.186241
       4.387	0.186236
       4.388	0.186232
       4.389	0.186228
        4.39	0.186224
       4.391	0.186221
       4.392	0.186218
       4.393	0.186216
       4.394	0.186214
       4.395	0.186214
       4.396	0.186214
       4.397	0.186215
       4.398	0.186217
       4.399	0.186219
         4.4	0.186223
       4.401	0.186226
       4.402	0.186231
       4.403	0.186236
       4.404	0.186241
       4.405	0.186247
       4.406	0.186254
       4.407	0.18626
       4.408	0.186268
       4.409	0.186275
        4.41	0.186282
       4.411	0.18629
       4.412	0.186298
       4.413	0.186306
       4.414	0.186314
       4.415	0.186322
       4.416	0.186329
       4.417	0.186337
       4.418	0.186345
       4.419	0.186353
        4.42	0.186361
       4.421	0.186369
       4.422	0.186377
       4.423	0.186385
       4.424	0.186392
       4.425	0.1864
       4.426	0.186407
       4.427	0.186414
       4.428	0.186421
       4.429	0.186427
        4.43	0.186434
       4.431	0.18644
       4.432	0.186445
       4.433	0.186451
       4.434	0.186456
       4.435	0.18646
       4.436	0.186465
       4.437	0.186469
       4.438	0.186473
       4.439	0.186476
        4.44	0.186479
       4.441	0.186481
       4.442	0.186483
       4.443	0.186484
       4.444	0.186488
       4.445	0.186491
       4.446	0.186495
       4.447	0.1865
       4.448	0.186507
       4.449	0.186512
        4.45	0.186515
       4.451	0.186518
       4.452	0.186519
       4.453	0.186519
       4.454	0.186516
       4.455	0.186511
       4.456	0.186504
       4.457	0.186496
       4.458	0.18649
       4.459	0.186482
        4.46	0.186472
       4.461	0.186462
       4.462	0.18645
       4.463	0.186439
       4.464	0.186429
       4.465	0.186419
       4.466	0.18641
       4.467	0.186402
       4.468	0.186396
       4.469	0.18639
        4.47	0.186384
       4.471	0.18638
       4.472	0.186376
       4.473	0.186372
       4.474	0.18637
       4.475	0.186368
       4.476	0.186367
       4.477	0.186367
       4.478	0.186368
       4.479	0.18637
        4.48	0.186372
       4.481	0.186376
       4.482	0.186379
       4.483	0.186384
       4.484	0.186389
       4.485	0.186394
       4.486	0.186399
       4.487	0.186405
       4.488	0.186411
       4.489	0.186417
        4.49	0.186423
       4.491	0.186429
       4.492	0.186435
       4.493	0.186441
       4.494	0.186447
       4.495	0.186453
       4.496	0.186459
       4.497	0.186465
       4.498	0.186471
       4.499	0.186477
         4.5	0.186484
       4.501	0.18649
       4.502	0.186496
       4.503	0.186502
       4.504	0.186508
       4.505	0.186513
       4.506	0.186519
       4.507	0.186525
       4.508	0.186531
       4.509	0.186537
        4.51	0.186542
       4.511	0.186547
       4.512	0.186552
       4.513	0.186557
       4.514	0.186561
       4.515	0.186565
       4.516	0.186569
       4.517	0.186572
       4.518	0.186574
       4.519	0.186577
        4.52	0.186578
       4.521	0.186579
       4.522	0.186579
       4.523	0.186578
       4.524	0.186577
       4.525	0.186575
       4.526	0.186572
       4.527	0.186569
       4.528	0.186564
       4.529	0.186559
        4.53	0.186554
       4.531	0.186547
       4.532	0.18654
       4.533	0.186532
       4.534	0.186523
       4.535	0.186514
       4.536	0.186503
       4.537	0.186491
       4.538	0.186478
       4.539	0.186465
        4.54	0.186451
       4.541	0.186438
       4.542	0.186426
       4.543	0.186415
       4.544	0.186404
       4.545	0.186395
       4.546	0.186387
       4.547	0.18638
       4.548	0.186375
       4.549	0.186371
        4.55	0.186368
       4.551	0.186366
       4.552	0.186365
       4.553	0.186365
       4.554	0.186365
       4.555	0.186366
       4.556	0.186368
       4.557	0.18637
       4.558	0.186374
       4.559	0.186378
        4.56	0.186382
       4.561	0.186387
       4.562	0.186393
       4.563	0.1864
       4.564	0.186406
       4.565	0.186413
       4.566	0.18642
       4.567	0.186427
       4.568	0.186435
       4.569	0.186442
        4.57	0.18645
       4.571	0.186457
       4.572	0.186465
       4.573	0.186473
       4.574	0.18648
       4.575	0.186488
       4.576	0.186496
       4.577	0.186504
       4.578	0.186512
       4.579	0.18652
        4.58	0.186527
       4.581	0.186535
       4.582	0.186543
       4.583	0.186551
       4.584	0.186558
       4.585	0.186565
       4.586	0.186572
       4.587	0.186578
       4.588	0.186584
       4.589	0.18659
        4.59	0.186596
       4.591	0.186601
       4.592	0.186606
       4.593	0.186611
       4.594	0.186615
       4.595	0.186619
       4.596	0.186622
       4.597	0.186624
       4.598	0.186625
       4.599	0.186626
         4.6	0.186626
       4.601	0.186626
       4.602	0.186625
       4.603	0.186623
       4.604	0.186622
       4.605	0.186619
       4.606	0.186616
       4.607	0.186613
       4.608	0.186609
       4.609	0.186603
        4.61	0.186597
       4.611	0.18659
       4.612	0.186583
       4.613	0.186574
       4.614	0.186565
       4.615	0.186556
       4.616	0.186547
       4.617	0.186538
       4.618	0.18653
       4.619	0.186521
        4.62	0.186513
       4.621	0.186505
       4.622	0.186497
       4.623	0.186491
       4.624	0.186484
       4.625	0.186484
       4.626	0.186486
       4.627	0.186486
       4.628	0.186486
       4.629	0.186487
        4.63	0.186491
       4.631	0.186495
       4.632	0.186498
       4.633	0.186502
       4.634	0.186506
       4.635	0.18651
       4.636	0.186513
       4.637	0.186517
       4.638	0.18652
       4.639	0.186523
        4.64	0.186526
       4.641	0.186529
       4.642	0.186533
       4.643	0.186537
       4.644	0.186542
       4.645	0.186547
       4.646	0.186552
       4.647	0.186557
       4.648	0.186563
       4.649	0.186568
        4.65	0.186573
       4.651	0.186578
       4.652	0.186584
       4.653	0.186589
       4.654	0.186595
       4.655	0.1866
       4.656	0.186606
       4.657	0.186612
       4.658	0.186618
       4.659	0.186623
        4.66	0.186629
       4.661	0.186634
       4.662	0.186639
       4.663	0.186644
       4.664	0.186648
       4.665	0.186652
       4.666	0.186656
       4.667	0.18666
       4.668	0.186664
       4.669	0.186667
        4.67	0.18667
       4.671	0.186673
       4.672	0.186675
       4.673	0.186676
       4.674	0.186677
       4.675	0.186678
       4.676	0.186677
       4.677	0.186677
       4.678	0.186675
       4.679	0.186673
        4.68	0.18667
       4.681	0.186667
       4.682	0.186663
       4.683	0.186658
       4.684	0.186653
       4.685	0.186647
       4.686	0.18664
       4.687	0.186632
       4.688	0.186624
       4.689	0.186615
        4.69	0.186606
       4.691	0.186597
       4.692	0.186587
       4.693	0.186577
       4.694	0.186568
       4.695	0.186558
       4.696	0.186549
       4.697	0.186539
       4.698	0.18653
       4.699	0.186522
         4.7	0.186514
       4.701	0.186505
       4.702	0.186498
       4.703	0.186491
       4.704	0.186484
       4.705	0.186478
       4.706	0.186471
       4.707	0.186464
       4.708	0.186458
       4.709	0.186452
        4.71	0.186447
       4.711	0.186443
       4.712	0.186441
       4.713	0.18644
       4.714	0.18644
       4.715	0.186442
       4.716	0.186445
       4.717	0.186449
       4.718	0.186453
       4.719	0.186459
        4.72	0.186465
       4.721	0.186471
       4.722	0.186478
       4.723	0.186484
       4.724	0.186491
       4.725	0.186497
       4.726	0.186504
       4.727	0.186511
       4.728	0.186517
       4.729	0.186524
        4.73	0.186531
       4.731	0.186539
       4.732	0.186546
       4.733	0.186553
       4.734	0.186561
       4.735	0.186568
       4.736	0.186575
       4.737	0.186582
       4.738	0.186589
       4.739	0.186595
        4.74	0.186602
       4.741	0.186608
       4.742	0.186614
       4.743	0.18662
       4.744	0.186625
       4.745	0.18663
       4.746	0.186635
       4.747	0.18664
       4.748	0.186644
       4.749	0.186647
        4.75	0.186651
       4.751	0.186653
       4.752	0.186656
       4.753	0.186658
       4.754	0.186659
       4.755	0.18666
       4.756	0.18666
       4.757	0.18666
       4.758	0.186659
       4.759	0.186657
        4.76	0.186655
       4.761	0.186652
       4.762	0.186648
       4.763	0.186644
       4.764	0.186639
       4.765	0.186633
       4.766	0.186626
       4.767	0.186618
       4.768	0.18661
       4.769	0.186602
        4.77	0.186593
       4.771	0.186584
       4.772	0.186575
       4.773	0.186566
       4.774	0.186557
       4.775	0.186549
       4.776	0.186541
       4.777	0.186533
       4.778	0.186526
       4.779	0.186519
        4.78	0.186513
       4.781	0.186508
       4.782	0.186503
       4.783	0.186499
       4.784	0.186495
       4.785	0.186493
       4.786	0.186491
       4.787	0.18649
       4.788	0.18649
       4.789	0.186491
        4.79	0.186493
       4.791	0.186497
       4.792	0.186502
       4.793	0.186513
       4.794	0.186526
       4.795	0.186539
       4.796	0.18655
       4.797	0.186559
       4.798	0.186569
       4.799	0.186579
         4.8	0.186587
       4.801	0.186594
       4.802	0.186601
       4.803	0.186604
       4.804	0.186608
       4.805	0.186612
       4.806	0.186617
       4.807	0.186623
       4.808	0.186629
       4.809	0.186634
        4.81	0.18664
       4.811	0.186644
       4.812	0.186649
       4.813	0.186653
       4.814	0.186657
       4.815	0.186661
       4.816	0.186665
       4.817	0.186669
       4.818	0.186673
       4.819	0.186677
        4.82	0.186681
       4.821	0.186685
       4.822	0.186689
       4.823	0.186692
       4.824	0.186695
       4.825	0.186698
       4.826	0.1867
       4.827	0.186702
       4.828	0.186703
       4.829	0.186704
        4.83	0.186704
       4.831	0.186704
       4.832	0.186703
       4.833	0.186702
       4.834	0.1867
       4.835	0.186697
       4.836	0.186694
       4.837	0.18669
       4.838	0.186685
       4.839	0.18668
        4.84	0.186674
       4.841	0.186667
       4.842	0.18666
       4.843	0.186651
       4.844	0.186642
       4.845	0.186633
       4.846	0.186623
       4.847	0.186612
       4.848	0.186602
       4.849	0.186591
        4.85	0.186581
       4.851	0.186571
       4.852	0.186561
       4.853	0.186551
       4.854	0.186542
       4.855	0.186534
       4.856	0.186526
       4.857	0.186519
       4.858	0.186513
       4.859	0.186507
        4.86	0.186502
       4.861	0.186498
       4.862	0.186495
       4.863	0.186493
       4.864	0.186491
       4.865	0.186491
       4.866	0.186491
       4.867	0.186493
       4.868	0.186494
       4.869	0.186497
        4.87	0.1865
       4.871	0.186503
       4.872	0.186507
       4.873	0.186511
       4.874	0.186515
       4.875	0.186519
       4.876	0.186523
       4.877	0.186528
       4.878	0.186532
       4.879	0.186537
        4.88	0.186541
       4.881	0.186545
       4.882	0.186548
       4.883	0.186551
       4.884	0.186553
       4.885	0.186555
       4.886	0.186556
       4.887	0.186557
       4.888	0.186559
       4.889	0.186561
        4.89	0.186563
       4.891	0.186566
       4.892	0.18657
       4.893	0.186574
       4.894	0.186579
       4.895	0.186584
       4.896	0.186589
       4.897	0.186594
       4.898	0.186599
       4.899	0.186603
         4.9	0.186608
       4.901	0.186612
       4.902	0.186616
       4.903	0.18662
       4.904	0.186623
       4.905	0.186626
       4.906	0.186628
       4.907	0.18663
       4.908	0.186631
       4.909	0.186632
        4.91	0.186632
       4.911	0.186632
       4.912	0.186631
       4.913	0.18663
       4.914	0.186628
       4.915	0.186625
       4.916	0.186622
       4.917	0.186618
       4.918	0.186613
       4.919	0.186608
        4.92	0.186602
       4.921	0.186596
       4.922	0.186589
       4.923	0.186581
       4.924	0.186573
       4.925	0.186565
       4.926	0.186557
       4.927	0.186549
       4.928	0.18654
       4.929	0.186532
        4.93	0.186525
       4.931	0.186517
       4.932	0.18651
       4.933	0.186504
       4.934	0.186498
       4.935	0.186492
       4.936	0.186488
       4.937	0.186483
       4.938	0.18648
       4.939	0.186477
        4.94	0.186475
       4.941	0.186474
       4.942	0.186474
       4.943	0.186475
       4.944	0.186476
       4.945	0.186478
       4.946	0.186481
       4.947	0.186484
       4.948	0.186488
       4.949	0.186492
        4.95	0.186496
       4.951	0.186501
       4.952	0.186506
       4.953	0.186512
       4.954	0.186517
       4.955	0.186523
       4.956	0.186528
       4.957	0.186534
       4.958	0.186539
       4.959	0.186545
        4.96	0.186551
       4.961	0.186557
       4.962	0.186563
       4.963	0.186569
       4.964	0.186575
       4.965	0.186581
       4.966	0.186587
       4.967	0.186593
       4.968	0.186599
       4.969	0.186605
        4.97	0.186611
       4.971	0.18662
       4.972	0.186635
       4.973	0.186646
       4.974	0.186655
       4.975	0.186665
       4.976	0.186675
       4.977	0.186686
       4.978	0.186694
       4.979	0.186702
        4.98	0.186709
       4.981	0.186714
       4.982	0.186717
       4.983	0.186719
       4.984	0.18672
       4.985	0.186719
       4.986	0.186717
       4.987	0.186714
       4.988	0.186711
       4.989	0.186707
        4.99	0.186703
       4.991	0.186699
       4.992	0.186694
       4.993	0.186689
       4.994	0.186683
       4.995	0.186677
       4.996	0.18667
       4.997	0.186663
       4.998	0.186655
       4.999	0.186646
           5	0.186637


       5.001	0.205286
       5.002	0.215074
       5.003	0.215301
       5.004	0.209729
       5.005	0.202076
       5.006	0.195037
       5.007	0.189985
       5.008	0.187256
       5.009	0.186449
        5.01	0.186863
       5.011	0.187887
       5.012	0.18907
       5.013	0.190163
       5.014	0.191066
       5.015	0.191758
       5.016	0.192262
       5.017	0.192582
       5.018	0.192722
       5.019	0.192691
        5.02	0.192519
       5.021	0.192251
       5.022	0.191947
       5.023	0.191669
       5.024	0.191431
       5.025	0.191267
       5.026	0.191189
       5.027	0.19119
       5.028	0.191253
       5.029	0.191357
        5.03	0.191472
       5.031	0.191571
       5.032	0.191636
       5.033	0.19166
       5.034	0.191647
       5.035	0.191607
       5.036	0.191553
       5.037	0.191498
       5.038	0.191448
       5.039	0.191408
        5.04	0.191378
       5.041	0.191358
       5.042	0.191347
       5.043	0.191343
       5.044	0.191343
       5.045	0.191345
       5.046	0.191347
       5.047	0.191346
       5.048	0.191343
       5.049	0.191336
        5.05	0.191326
       5.051	0.191314
       5.052	0.191301
       5.053	0.191289
       5.054	0.191278
       5.055	0.191267
       5.056	0.191258
       5.057	0.191248
       5.058	0.191238
       5.059	0.191228
        5.06	0.191216
       5.061	0.191203
       5.062	0.191188
       5.063	0.19117
       5.064	0.191151
       5.065	0.191129
       5.066	0.191105
       5.067	0.191081
       5.068	0.191055
       5.069	0.191027
        5.07	0.190998
       5.071	0.190967
       5.072	0.190935
       5.073	0.190902
       5.074	0.190869
       5.075	0.190837
       5.076	0.190806
       5.077	0.190777
       5.078	0.190751
       5.079	0.190726
        5.08	0.190703
       5.081	0.19068
       5.082	0.190658
       5.083	0.190636
       5.084	0.190616
       5.085	0.190598
       5.086	0.190582
       5.087	0.190568
       5.088	0.190556
       5.089	0.190546
        5.09	0.190538
       5.091	0.190531
       5.092	0.190525
       5.093	0.190521
       5.094	0.190517
       5.095	0.190513
       5.096	0.19051
       5.097	0.190507
       5.098	0.190504
       5.099	0.190501
         5.1	0.190498
       5.101	0.190495
       5.102	0.190493
       5.103	0.190491
       5.104	0.190489
       5.105	0.190487
       5.106	0.190485
       5.107	0.190483
       5.108	0.190482
       5.109	0.19048
        5.11	0.190479
       5.111	0.190477
       5.112	0.190476
       5.113	0.190475
       5.114	0.190475
       5.115	0.190474
       5.116	0.190474
       5.117	0.190474
       5.118	0.190475
       5.119	0.190475
        5.12	0.190476
       5.121	0.190477
       5.122	0.190478
       5.123	0.190478
       5.124	0.190479
       5.125	0.190479
       5.126	0.190478
       5.127	0.190477
       5.128	0.190476
       5.129	0.190475
        5.13	0.190473
       5.131	0.190471
       5.132	0.190468
       5.133	0.190465
       5.134	0.190461
       5.135	0.190457
       5.136	0.190453
       5.137	0.190448
       5.138	0.190442
       5.139	0.190436
        5.14	0.19043
       5.141	0.190423
       5.142	0.190416
       5.143	0.190409
       5.144	0.190401
       5.145	0.190393
       5.146	0.190385
       5.147	0.190377
       5.148	0.19037
       5.149	0.190362
        5.15	0.190354
       5.151	0.190346
       5.152	0.190339
       5.153	0.190332
       5.154	0.190325
       5.155	0.190318
       5.156	0.190312
       5.157	0.190305
       5.158	0.190299
       5.159	0.190293
        5.16	0.190288
       5.161	0.190283
       5.162	0.19028
       5.163	0.190278
       5.164	0.190279
       5.165	0.190284
       5.166	0.190291
       5.167	0.190296
       5.168	0.1903
       5.169	0.190306
        5.17	0.190311
       5.171	0.190315
       5.172	0.190318
       5.173	0.190321
       5.174	0.190323
       5.175	0.190324
       5.176	0.190325
       5.177	0.190326
       5.178	0.190326
       5.179	0.190327
        5.18	0.190327
       5.181	0.190329
       5.182	0.19033
       5.183	0.190332
       5.184	0.190334
       5.185	0.190337
       5.186	0.19034
       5.187	0.190343
       5.188	0.190347
       5.189	0.19035
        5.19	0.190354
       5.191	0.190357
       5.192	0.190361
       5.193	0.190365
       5.194	0.190369
       5.195	0.190373
       5.196	0.190377
       5.197	0.190382
       5.198	0.190386
       5.199	0.19039
         5.2	0.190395
       5.201	0.190399
       5.202	0.190404
       5.203	0.190408
       5.204	0.190412
       5.205	0.190416
       5.206	0.190419
       5.207	0.190423
       5.208	0.190426
       5.209	0.190429
        5.21	0.190432
       5.211	0.190435
       5.212	0.190437
       5.213	0.190438
       5.214	0.19044
       5.215	0.19044
       5.216	0.19044
       5.217	0.19044
       5.218	0.190439
       5.219	0.190437
        5.22	0.190434
       5.221	0.190431
       5.222	0.190427
       5.223	0.190423
       5.224	0.190418
       5.225	0.190412
       5.226	0.190406
       5.227	0.1904
       5.228	0.190394
       5.229	0.190388
        5.23	0.190381
       5.231	0.190375
       5.232	0.190369
       5.233	0.190364
       5.234	0.190358
       5.235	0.190353
       5.236	0.190348
       5.237	0.190344
       5.238	0.19034
       5.239	0.190336
        5.24	0.190334
       5.241	0.190331
       5.242	0.19033
       5.243	0.190328
       5.244	0.190328
       5.245	0.190328
       5.246	0.190329
       5.247	0.190331
       5.248	0.190334
       5.249	0.190336
        5.25	0.190342
       5.251	0.190345
       5.252	0.19035
       5.253	0.190351
       5.254	0.190356
       5.255	0.19036
       5.256	0.190363
       5.257	0.190367
       5.258	0.19037
       5.259	0.190374
        5.26	0.190379
       5.261	0.190384
       5.262	0.19039
       5.263	0.190396
       5.264	0.190402
       5.265	0.190408
       5.266	0.190415
       5.267	0.190421
       5.268	0.190427
       5.269	0.190433
        5.27	0.190439
       5.271	0.190444
       5.272	0.19045
       5.273	0.190457
       5.274	0.190463
       5.275	0.190467
       5.276	0.190473
       5.277	0.190478
       5.278	0.190482
       5.279	0.190487
        5.28	0.190491
       5.281	0.190494
       5.282	0.190498
       5.283	0.190501
       5.284	0.190503
       5.285	0.190506
       5.286	0.190507
       5.287	0.190508
       5.288	0.190509
       5.289	0.190509
        5.29	0.190508
       5.291	0.190507
       5.292	0.190505
       5.293	0.190502
       5.294	0.190498
       5.295	0.190495
       5.296	0.190489
       5.297	0.190484
       5.298	0.190476
       5.299	0.19047
         5.3	0.190463
       5.301	0.190455
       5.302	0.190446
       5.303	0.190437
       5.304	0.190428
       5.305	0.190419
       5.306	0.190411
       5.307	0.190403
       5.308	0.190396
       5.309	0.190389
        5.31	0.190383
       5.311	0.190377
       5.312	0.190372
       5.313	0.190368
       5.314	0.190364
       5.315	0.190361
       5.316	0.190359
       5.317	0.190357
       5.318	0.190357
       5.319	0.190357
        5.32	0.190358
       5.321	0.19036
       5.322	0.190363
       5.323	0.190366
       5.324	0.190371
       5.325	0.190375
       5.326	0.19038
       5.327	0.190385
       5.328	0.19039
       5.329	0.190396
        5.33	0.190401
       5.331	0.190406
       5.332	0.190412
       5.333	0.190417
       5.334	0.190423
       5.335	0.190429
       5.336	0.190436
       5.337	0.190442
       5.338	0.190449
       5.339	0.190456
        5.34	0.190462
       5.341	0.190469
       5.342	0.190475
       5.343	0.190482
       5.344	0.190488
       5.345	0.190495
       5.346	0.190501
       5.347	0.190507
       5.348	0.190514
       5.349	0.190519
        5.35	0.190525
       5.351	0.19053
       5.352	0.190535
       5.353	0.190539
       5.354	0.190543
       5.355	0.190547
       5.356	0.19055
       5.357	0.190553
       5.358	0.190555
       5.359	0.190557
        5.36	0.190559
       5.361	0.19056
       5.362	0.19056
       5.363	0.19056
       5.364	0.190559
       5.365	0.190558
       5.366	0.190555
       5.367	0.190552
       5.368	0.190549
       5.369	0.190544
        5.37	0.190539
       5.371	0.190533
       5.372	0.190526
       5.373	0.190519
       5.374	0.190511
       5.375	0.190503
       5.376	0.190495
       5.377	0.190486
       5.378	0.190478
       5.379	0.190469
        5.38	0.190461
       5.381	0.190453
       5.382	0.190445
       5.383	0.190437
       5.384	0.19043
       5.385	0.190424
       5.386	0.190418
       5.387	0.190413
       5.388	0.190408
       5.389	0.190405
        5.39	0.190401
       5.391	0.190399
       5.392	0.190397
       5.393	0.190397
       5.394	0.190397
       5.395	0.190398
       5.396	0.190399
       5.397	0.190402
       5.398	0.190406
       5.399	0.19041
         5.4	0.190414
       5.401	0.190419
       5.402	0.190424
       5.403	0.190429
       5.404	0.190434
       5.405	0.190439
       5.406	0.190444
       5.407	0.19045
       5.408	0.190455
       5.409	0.19046
        5.41	0.190466
       5.411	0.190471
       5.412	0.190477
       5.413	0.190483
       5.414	0.190489
       5.415	0.190495
       5.416	0.190502
       5.417	0.190508
       5.418	0.190514
       5.419	0.190521
        5.42	0.190527
       5.421	0.190533
       5.422	0.190538
       5.423	0.190544
       5.424	0.190549
       5.425	0.190553
       5.426	0.190558
       5.427	0.190562
       5.428	0.190565
       5.429	0.190569
        5.43	0.190571
       5.431	0.190574
       5.432	0.190576
       5.433	0.190578
       5.434	0.190579
       5.435	0.19058
       5.436	0.190581
       5.437	0.190581
       5.438	0.190581
       5.439	0.19058
        5.44	0.190578
       5.441	0.190575
       5.442	0.190569
       5.443	0.190566
       5.444	0.190562
       5.445	0.190553
       5.446	0.190549
       5.447	0.19054
       5.448	0.190535
       5.449	0.190526
        5.45	0.190519
       5.451	0.19051
       5.452	0.190502
       5.453	0.190494
       5.454	0.190486
       5.455	0.190477
       5.456	0.190469
       5.457	0.19046
       5.458	0.190453
       5.459	0.190445
        5.46	0.190439
       5.461	0.190433
       5.462	0.190429
       5.463	0.190425
       5.464	0.190422
       5.465	0.190419
       5.466	0.190418
       5.467	0.190417
       5.468	0.190418
       5.469	0.190419
        5.47	0.190421
       5.471	0.190423
       5.472	0.190427
       5.473	0.190431
       5.474	0.190435
       5.475	0.190439
       5.476	0.190444
       5.477	0.190449
       5.478	0.190453
       5.479	0.190458
        5.48	0.190463
       5.481	0.190468
       5.482	0.190474
       5.483	0.190479
       5.484	0.190485
       5.485	0.190491
       5.486	0.190498
       5.487	0.190504
       5.488	0.19051
       5.489	0.190516
        5.49	0.190522
       5.491	0.190528
       5.492	0.190534
       5.493	0.190539
       5.494	0.190544
       5.495	0.190549
       5.496	0.190554
       5.497	0.190558
       5.498	0.190563
       5.499	0.190567
         5.5	0.190571
       5.501	0.190575
       5.502	0.190578
       5.503	0.190582
       5.504	0.190585
       5.505	0.190588
       5.506	0.19059
       5.507	0.190593
       5.508	0.190594
       5.509	0.190595
        5.51	0.190596
       5.511	0.190596
       5.512	0.190595
       5.513	0.190594
       5.514	0.190592
       5.515	0.190589
       5.516	0.190585
       5.517	0.190581
       5.518	0.190576
       5.519	0.190571
        5.52	0.190565
       5.521	0.190558
       5.522	0.190551
       5.523	0.190543
       5.524	0.190535
       5.525	0.190526
       5.526	0.190517
       5.527	0.190509
       5.528	0.1905
       5.529	0.190492
        5.53	0.190484
       5.531	0.190477
       5.532	0.19047
       5.533	0.190464
       5.534	0.190458
       5.535	0.190453
       5.536	0.190448
       5.537	0.190445
       5.538	0.190442
       5.539	0.190439
        5.54	0.190438
       5.541	0.190437
       5.542	0.190438
       5.543	0.190439
       5.544	0.19044
       5.545	0.190443
       5.546	0.190446
       5.547	0.19045
       5.548	0.190453
       5.549	0.190457
        5.55	0.190461
       5.551	0.190466
       5.552	0.19047
       5.553	0.190474
       5.554	0.190478
       5.555	0.190483
       5.556	0.190488
       5.557	0.190493
       5.558	0.190498
       5.559	0.190503
        5.56	0.190509
       5.561	0.190515
       5.562	0.19052
       5.563	0.190526
       5.564	0.190531
       5.565	0.190537
       5.566	0.190542
       5.567	0.190548
       5.568	0.190553
       5.569	0.190558
        5.57	0.190563
       5.571	0.190567
       5.572	0.190572
       5.573	0.190576
       5.574	0.19058
       5.575	0.190584
       5.576	0.190587
       5.577	0.19059
       5.578	0.190593
       5.579	0.190595
        5.58	0.190598
       5.581	0.190599
       5.582	0.190601
       5.583	0.190601
       5.584	0.190602
       5.585	0.190601
       5.586	0.190601
       5.587	0.190599
       5.588	0.190597
       5.589	0.190593
        5.59	0.19059
       5.591	0.190585
       5.592	0.19058
       5.593	0.190574
       5.594	0.190568
       5.595	0.19056
       5.596	0.190553
       5.597	0.190545
       5.598	0.190537
       5.599	0.190529
         5.6	0.190521
       5.601	0.190512
       5.602	0.190504
       5.603	0.190496
       5.604	0.190488
       5.605	0.19048
       5.606	0.190473
       5.607	0.190466
       5.608	0.19046
       5.609	0.190455
        5.61	0.19045
       5.611	0.190446
       5.612	0.190443
       5.613	0.190441
       5.614	0.190439
       5.615	0.190439
       5.616	0.190439
       5.617	0.19044
       5.618	0.190442
       5.619	0.190445
        5.62	0.190448
       5.621	0.190451
       5.622	0.190455
       5.623	0.190458
       5.624	0.190462
       5.625	0.190466
       5.626	0.19047
       5.627	0.190474
       5.628	0.190478
       5.629	0.190483
        5.63	0.190487
       5.631	0.190492
       5.632	0.190497
       5.633	0.190503
       5.634	0.190508
       5.635	0.190513
       5.636	0.190518
       5.637	0.190523
       5.638	0.190529
       5.639	0.190534
        5.64	0.190539
       5.641	0.190544
       5.642	0.190549
       5.643	0.190554
       5.644	0.190559
       5.645	0.190563
       5.646	0.190568
       5.647	0.190572
       5.648	0.190576
       5.649	0.190579
        5.65	0.190582
       5.651	0.190585
       5.652	0.190588
       5.653	0.19059
       5.654	0.190592
       5.655	0.190594
       5.656	0.190595
       5.657	0.190595
       5.658	0.190595
       5.659	0.190595
        5.66	0.190593
       5.661	0.190591
       5.662	0.190588
       5.663	0.190585
       5.664	0.190581
       5.665	0.190576
       5.666	0.19057
       5.667	0.190564
       5.668	0.190558
       5.669	0.190551
        5.67	0.190543
       5.671	0.190535
       5.672	0.190528
       5.673	0.19052
       5.674	0.190512
       5.675	0.190503
       5.676	0.190495
       5.677	0.190487
       5.678	0.19048
       5.679	0.190473
        5.68	0.190466
       5.681	0.190459
       5.682	0.190453
       5.683	0.190448
       5.684	0.190443
       5.685	0.19044
       5.686	0.190437
       5.687	0.190435
       5.688	0.190433
       5.689	0.190433
        5.69	0.190433
       5.691	0.190434
       5.692	0.190436
       5.693	0.190438
       5.694	0.190441
       5.695	0.190444
       5.696	0.190448
       5.697	0.190451
       5.698	0.190455
       5.699	0.190459
         5.7	0.190462
       5.701	0.190466
       5.702	0.19047
       5.703	0.190475
       5.704	0.190479
       5.705	0.190484
       5.706	0.190489
       5.707	0.190494
       5.708	0.190499
       5.709	0.190504
        5.71	0.19051
       5.711	0.190515
       5.712	0.19052
       5.713	0.190525
       5.714	0.19053
       5.715	0.190535
       5.716	0.19054
       5.717	0.190544
       5.718	0.190549
       5.719	0.190554
        5.72	0.190558
       5.721	0.190562
       5.722	0.190566
       5.723	0.190569
       5.724	0.190573
       5.725	0.190576
       5.726	0.190579
       5.727	0.190581
       5.728	0.190583
       5.729	0.190584
        5.73	0.190586
       5.731	0.190586
       5.732	0.190586
       5.733	0.190585
       5.734	0.190583
       5.735	0.190581
       5.736	0.190578
       5.737	0.190574
       5.738	0.19057
       5.739	0.190564
        5.74	0.190558
       5.741	0.190552
       5.742	0.190545
       5.743	0.190537
       5.744	0.190529
       5.745	0.190521
       5.746	0.190514
       5.747	0.190505
       5.748	0.190497
       5.749	0.190489
        5.75	0.190482
       5.751	0.190474
       5.752	0.190467
       5.753	0.19046
       5.754	0.190453
       5.755	0.190447
       5.756	0.190442
       5.757	0.190437
       5.758	0.190433
       5.759	0.19043
        5.76	0.190427
       5.761	0.190426
       5.762	0.190425
       5.763	0.190425
       5.764	0.190426
       5.765	0.190427
       5.766	0.190429
       5.767	0.190431
       5.768	0.190434
       5.769	0.190437
        5.77	0.19044
       5.771	0.190443
       5.772	0.190446
       5.773	0.190449
       5.774	0.190453
       5.775	0.190456
       5.776	0.190461
       5.777	0.190465
       5.778	0.190469
       5.779	0.190474
        5.78	0.190479
       5.781	0.190484
       5.782	0.190489
       5.783	0.190494
       5.784	0.190499
       5.785	0.190504
       5.786	0.190509
       5.787	0.190513
       5.788	0.190518
       5.789	0.190523
        5.79	0.190528
       5.791	0.190532
       5.792	0.190537
       5.793	0.190541
       5.794	0.190545
       5.795	0.190549
       5.796	0.190552
       5.797	0.190556
       5.798	0.190559
       5.799	0.190562
         5.8	0.190564
       5.801	0.190567
       5.802	0.190568
       5.803	0.19057
       5.804	0.190571
       5.805	0.190571
       5.806	0.190571
       5.807	0.19057
       5.808	0.190568
       5.809	0.190565
        5.81	0.190562
       5.811	0.190558
       5.812	0.190553
       5.813	0.190548
       5.814	0.190542
       5.815	0.190535
       5.816	0.190528
       5.817	0.190521
       5.818	0.190513
       5.819	0.190505
        5.82	0.190497
       5.821	0.190489
       5.822	0.190481
       5.823	0.190473
       5.824	0.190465
       5.825	0.190458
       5.826	0.190451
       5.827	0.190445
       5.828	0.190439
       5.829	0.190433
        5.83	0.190429
       5.831	0.190425
       5.832	0.190421
       5.833	0.190419
       5.834	0.190417
       5.835	0.190416
       5.836	0.190416
       5.837	0.190416
       5.838	0.190418
       5.839	0.190419
        5.84	0.190421
       5.841	0.190423
       5.842	0.190426
       5.843	0.190429
       5.844	0.190431
       5.845	0.190434
       5.846	0.190437
       5.847	0.19044
       5.848	0.190443
       5.849	0.190447
        5.85	0.190451
       5.851	0.190455
       5.852	0.190459
       5.853	0.190464
       5.854	0.190469
       5.855	0.190473
       5.856	0.190478
       5.857	0.190483
       5.858	0.190488
       5.859	0.190493
        5.86	0.190498
       5.861	0.190503
       5.862	0.190508
       5.863	0.190513
       5.864	0.190518
       5.865	0.190522
       5.866	0.190526
       5.867	0.19053
       5.868	0.190534
       5.869	0.190538
        5.87	0.190541
       5.871	0.190544
       5.872	0.190547
       5.873	0.190549
       5.874	0.190551
       5.875	0.190553
       5.876	0.190554
       5.877	0.190555
       5.878	0.190555
       5.879	0.190554
        5.88	0.190552
       5.881	0.19055
       5.882	0.190548
       5.883	0.190544
       5.884	0.190541
       5.885	0.190536
       5.886	0.190531
       5.887	0.190525
       5.888	0.190519
       5.889	0.190512
        5.89	0.190505
       5.891	0.190498
       5.892	0.19049
       5.893	0.190482
       5.894	0.190475
       5.895	0.190467
       5.896	0.19046
       5.897	0.190453
       5.898	0.190445
       5.899	0.190439
         5.9	0.190432
       5.901	0.190427
       5.902	0.190421
       5.903	0.190417
       5.904	0.190413
       5.905	0.19041
       5.906	0.190408
       5.907	0.190406
       5.908	0.190405
       5.909	0.190405
        5.91	0.190406
       5.911	0.190407
       5.912	0.190409
       5.913	0.19041
       5.914	0.190413
       5.915	0.190415
       5.916	0.190418
       5.917	0.19042
       5.918	0.190423
       5.919	0.190426
        5.92	0.190429
       5.921	0.190432
       5.922	0.190436
       5.923	0.190439
       5.924	0.190444
       5.925	0.190448
       5.926	0.190452
       5.927	0.190456
       5.928	0.190461
       5.929	0.190465
        5.93	0.19047
       5.931	0.190474
       5.932	0.190479
       5.933	0.190484
       5.934	0.190489
       5.935	0.190493
       5.936	0.190498
       5.937	0.190503
       5.938	0.190507
       5.939	0.190511
        5.94	0.190515
       5.941	0.190519
       5.942	0.190523
       5.943	0.190526
       5.944	0.190529
       5.945	0.190532
       5.946	0.190535
       5.947	0.190537
       5.948	0.190539
       5.949	0.19054
        5.95	0.19054
       5.951	0.19054
       5.952	0.190539
       5.953	0.190537
       5.954	0.190535
       5.955	0.190532
       5.956	0.190528
       5.957	0.190523
       5.958	0.190518
       5.959	0.190512
        5.96	0.190506
       5.961	0.190499
       5.962	0.190492
       5.963	0.190485
       5.964	0.190478
       5.965	0.19047
       5.966	0.190463
       5.967	0.190455
       5.968	0.190448
       5.969	0.190441
        5.97	0.190433
       5.971	0.190427
       5.972	0.19042
       5.973	0.190414
       5.974	0.190409
       5.975	0.190404
       5.976	0.1904
       5.977	0.190396
       5.978	0.190394
       5.979	0.190392
        5.98	0.190391
       5.981	0.19039
       5.982	0.190391
       5.983	0.190391
       5.984	0.190393
       5.985	0.190395
       5.986	0.190397
       5.987	0.190399
       5.988	0.190401
       5.989	0.190404
        5.99	0.190406
       5.991	0.190408
       5.992	0.190411
       5.993	0.190413
       5.994	0.190416
       5.995	0.190419
       5.996	0.190423
       5.997	0.190428
       5.998	0.190432
       5.999	0.190437
           6	0.190442


       6.001	0.197008
       6.002	0.204849
       6.003	0.206822
       6.004	0.205529
       6.005	0.202917
       6.006	0.200152
       6.007	0.197669
       6.008	0.195438
       6.009	0.193498
        6.01	0.191852
       6.011	0.190669
       6.012	0.190066
       6.013	0.190091
       6.014	0.190684
       6.015	0.191674
       6.016	0.192833
       6.017	0.193923
       6.018	0.194746
       6.019	0.19518
        6.02	0.195238
       6.021	0.194996
       6.022	0.194583
       6.023	0.194104
       6.024	0.193651
       6.025	0.193298
       6.026	0.19308
       6.027	0.192997
       6.028	0.193019
       6.029	0.193101
        6.03	0.193207
       6.031	0.193309
       6.032	0.193388
       6.033	0.193433
       6.034	0.19344
       6.035	0.193415
       6.036	0.193366
       6.037	0.193305
       6.038	0.193243
       6.039	0.193185
        6.04	0.193136
       6.041	0.193099
       6.042	0.193075
       6.043	0.193064
       6.044	0.193062
       6.045	0.19307
       6.046	0.193082
       6.047	0.193098
       6.048	0.193114
       6.049	0.193129
        6.05	0.193141
       6.051	0.193149
       6.052	0.193153
       6.053	0.193154
       6.054	0.193154
       6.055	0.193153
       6.056	0.193153
       6.057	0.193154
       6.058	0.193157
       6.059	0.193162
        6.06	0.193169
       6.061	0.193178
       6.062	0.193187
       6.063	0.193196
       6.064	0.193205
       6.065	0.193212
       6.066	0.193218
       6.067	0.193222
       6.068	0.193226
       6.069	0.193229
        6.07	0.193232
       6.071	0.193235
       6.072	0.193239
       6.073	0.193244
       6.074	0.19325
       6.075	0.193257
       6.076	0.193265
       6.077	0.193273
       6.078	0.193281
       6.079	0.19329
        6.08	0.193298
       6.081	0.193306
       6.082	0.193314
       6.083	0.193321
       6.084	0.193328
       6.085	0.193333
       6.086	0.193337
       6.087	0.19334
       6.088	0.193341
       6.089	0.19334
        6.09	0.193338
       6.091	0.193336
       6.092	0.193332
       6.093	0.193328
       6.094	0.193324
       6.095	0.193319
       6.096	0.193314
       6.097	0.193309
       6.098	0.193304
       6.099	0.193299
         6.1	0.193294
       6.101	0.19329
       6.102	0.193287
       6.103	0.193284
       6.104	0.193284
       6.105	0.193286
       6.106	0.19329
       6.107	0.193296
       6.108	0.193304
       6.109	0.193315
        6.11	0.193328
       6.111	0.193342
       6.112	0.193358
       6.113	0.193375
       6.114	0.193392
       6.115	0.19341
       6.116	0.193427
       6.117	0.193444
       6.118	0.19346
       6.119	0.193474
        6.12	0.193487
       6.121	0.193497
       6.122	0.193505
       6.123	0.19351
       6.124	0.193512
       6.125	0.19351
       6.126	0.193505
       6.127	0.193496
       6.128	0.193483
       6.129	0.193467
        6.13	0.193448
       6.131	0.193427
       6.132	0.193403
       6.133	0.193378
       6.134	0.193352
       6.135	0.193326
       6.136	0.1933
       6.137	0.193275
       6.138	0.193251
       6.139	0.193229
        6.14	0.193209
       6.141	0.193192
       6.142	0.193176
       6.143	0.193161
       6.144	0.193148
       6.145	0.193136
       6.146	0.193125
       6.147	0.193115
       6.148	0.193106
       6.149	0.193097
        6.15	0.19309
       6.151	0.193084
       6.152	0.193079
       6.153	0.193076
       6.154	0.193075
       6.155	0.193076
       6.156	0.193078
       6.157	0.193082
       6.158	0.193088
       6.159	0.193094
        6.16	0.193101
       6.161	0.193109
       6.162	0.193116
       6.163	0.193124
       6.164	0.193131
       6.165	0.193137
       6.166	0.193142
       6.167	0.193145
       6.168	0.193147
       6.169	0.193147
        6.17	0.193145
       6.171	0.193141
       6.172	0.193136
       6.173	0.193129
       6.174	0.19312
       6.175	0.19311
       6.176	0.193099
       6.177	0.193086
       6.178	0.193074
       6.179	0.19306
        6.18	0.193046
       6.181	0.193033
       6.182	0.19302
       6.183	0.193007
       6.184	0.192996
       6.185	0.192984
       6.186	0.192974
       6.187	0.192965
       6.188	0.192956
       6.189	0.192948
        6.19	0.192941
       6.191	0.192935
       6.192	0.19293
       6.193	0.192926
       6.194	0.192923
       6.195	0.192921
       6.196	0.192921
       6.197	0.192921
       6.198	0.192922
       6.199	0.192925
         6.2	0.192928
       6.201	0.192932
       6.202	0.192938
       6.203	0.192945
       6.204	0.192954
       6.205	0.192964
       6.206	0.192975
       6.207	0.192987
       6.208	0.193
       6.209	0.193013
        6.21	0.193027
       6.211	0.19304
       6.212	0.193053
       6.213	0.193065
       6.214	0.193076
       6.215	0.193086
       6.216	0.193094
       6.217	0.193101
       6.218	0.193105
       6.219	0.193108
        6.22	0.193108
       6.221	0.193106
       6.222	0.193102
       6.223	0.193096
       6.224	0.193088
       6.225	0.193078
       6.226	0.193067
       6.227	0.193055
       6.228	0.193042
       6.229	0.193027
        6.23	0.193013
       6.231	0.192998
       6.232	0.192983
       6.233	0.192968
       6.234	0.192954
       6.235	0.192939
       6.236	0.192926
       6.237	0.192912
       6.238	0.192899
       6.239	0.192887
        6.24	0.192875
       6.241	0.192863
       6.242	0.192852
       6.243	0.192842
       6.244	0.192832
       6.245	0.192822
       6.246	0.192814
       6.247	0.192806
       6.248	0.192799
       6.249	0.192793
        6.25	0.192788
       6.251	0.192784
       6.252	0.192781
       6.253	0.19278
       6.254	0.19278
       6.255	0.192781
       6.256	0.192783
       6.257	0.192785
       6.258	0.192788
       6.259	0.192791
        6.26	0.192794
       6.261	0.192796
       6.262	0.192798
       6.263	0.192799
       6.264	0.192799
       6.265	0.192798
       6.266	0.192796
       6.267	0.192793
       6.268	0.192789
       6.269	0.192784
        6.27	0.192778
       6.271	0.19277
       6.272	0.192762
       6.273	0.192753
       6.274	0.192744
       6.275	0.192733
       6.276	0.192723
       6.277	0.192712
       6.278	0.192701
       6.279	0.192691
        6.28	0.192681
       6.281	0.192672
       6.282	0.192664
       6.283	0.192656
       6.284	0.192649
       6.285	0.192644
       6.286	0.192639
       6.287	0.192635
       6.288	0.192632
       6.289	0.19263
        6.29	0.19263
       6.291	0.19263
       6.292	0.192631
       6.293	0.192634
       6.294	0.192638
       6.295	0.192642
       6.296	0.192648
       6.297	0.192654
       6.298	0.192662
       6.299	0.192671
         6.3	0.19268
       6.301	0.192691
       6.302	0.192702
       6.303	0.192713
       6.304	0.192725
       6.305	0.192736
       6.306	0.192748
       6.307	0.192759
       6.308	0.192771
       6.309	0.192781
        6.31	0.192791
       6.311	0.192799
       6.312	0.192805
       6.313	0.19281
       6.314	0.192813
       6.315	0.192815
       6.316	0.192815
       6.317	0.192815
       6.318	0.192814
       6.319	0.192812
        6.32	0.19281
       6.321	0.192809
       6.322	0.192807
       6.323	0.192805
       6.324	0.192804
       6.325	0.192803
       6.326	0.192803
       6.327	0.192802
       6.328	0.192802
       6.329	0.192802
        6.33	0.192803
       6.331	0.192803
       6.332	0.192804
       6.333	0.192806
       6.334	0.192808
       6.335	0.19281
       6.336	0.192813
       6.337	0.192816
       6.338	0.19282
       6.339	0.192824
        6.34	0.192829
       6.341	0.192834
       6.342	0.19284
       6.343	0.192846
       6.344	0.192853
       6.345	0.19286
       6.346	0.192868
       6.347	0.192877
       6.348	0.192886
       6.349	0.192897
        6.35	0.192908
       6.351	0.19292
       6.352	0.192933
       6.353	0.192946
       6.354	0.192959
       6.355	0.192971
       6.356	0.192982
       6.357	0.192992
       6.358	0.193
       6.359	0.193007
        6.36	0.193012
       6.361	0.193016
       6.362	0.193018
       6.363	0.19302
       6.364	0.193022
       6.365	0.193023
       6.366	0.193023
       6.367	0.193023
       6.368	0.193023
       6.369	0.193022
        6.37	0.193021
       6.371	0.193019
       6.372	0.193018
       6.373	0.193016
       6.374	0.193015
       6.375	0.193014
       6.376	0.193013
       6.377	0.193014
       6.378	0.193015
       6.379	0.193018
        6.38	0.193021
       6.381	0.193025
       6.382	0.193029
       6.383	0.193034
       6.384	0.19304
       6.385	0.193045
       6.386	0.193051
       6.387	0.193056
       6.388	0.19306
       6.389	0.193064
        6.39	0.193069
       6.391	0.193073
       6.392	0.193077
       6.393	0.193082
       6.394	0.193088
       6.395	0.193095
       6.396	0.193102
       6.397	0.193111
       6.398	0.193122
       6.399	0.193133
         6.4	0.193145
       6.401	0.193159
       6.402	0.193172
       6.403	0.193186
       6.404	0.1932
       6.405	0.193212
       6.406	0.193224
       6.407	0.193234
       6.408	0.193242
       6.409	0.193248
        6.41	0.193253
       6.411	0.193257
       6.412	0.193258
       6.413	0.193258
       6.414	0.193257
       6.415	0.193253
       6.416	0.193248
       6.417	0.193242
       6.418	0.193234
       6.419	0.193226
        6.42	0.193216
       6.421	0.193205
       6.422	0.193194
       6.423	0.193182
       6.424	0.19317
       6.425	0.193158
       6.426	0.193146
       6.427	0.193134
       6.428	0.193123
       6.429	0.193112
        6.43	0.193101
       6.431	0.193091
       6.432	0.193081
       6.433	0.193072
       6.434	0.193063
       6.435	0.193055
       6.436	0.193048
       6.437	0.193043
       6.438	0.193039
       6.439	0.193038
        6.44	0.193039
       6.441	0.193043
       6.442	0.19305
       6.443	0.193059
       6.444	0.19307
       6.445	0.193084
       6.446	0.193101
       6.447	0.193119
       6.448	0.193138
       6.449	0.193157
        6.45	0.193176
       6.451	0.193195
       6.452	0.193212
       6.453	0.193227
       6.454	0.193242
       6.455	0.193254
       6.456	0.193266
       6.457	0.193276
       6.458	0.193285
       6.459	0.193292
        6.46	0.193299
       6.461	0.193304
       6.462	0.193309
       6.463	0.193313
       6.464	0.193317
       6.465	0.193321
       6.466	0.193325
       6.467	0.193329
       6.468	0.193332
       6.469	0.193336
        6.47	0.193339
       6.471	0.193341
       6.472	0.193341
       6.473	0.19334
       6.474	0.193337
       6.475	0.193333
       6.476	0.193327
       6.477	0.193319
       6.478	0.19331
       6.479	0.1933
        6.48	0.19329
       6.481	0.193278
       6.482	0.193267
       6.483	0.193256
       6.484	0.193245
       6.485	0.193235
       6.486	0.193225
       6.487	0.193216
       6.488	0.193207
       6.489	0.1932
        6.49	0.193194
       6.491	0.193189
       6.492	0.193186
       6.493	0.193184
       6.494	0.193183
       6.495	0.193184
       6.496	0.193185
       6.497	0.193188
       6.498	0.193191
       6.499	0.193194
         6.5	0.193197
       6.501	0.1932
       6.502	0.193203
       6.503	0.193205
       6.504	0.193207
       6.505	0.193209
       6.506	0.19321
       6.507	0.193212
       6.508	0.193214
       6.509	0.193217
        6.51	0.193222
       6.511	0.193227
       6.512	0.193234
       6.513	0.193242
       6.514	0.193251
       6.515	0.193261
       6.516	0.193272
       6.517	0.193284
       6.518	0.193296
       6.519	0.193308
        6.52	0.19332
       6.521	0.193331
       6.522	0.193342
       6.523	0.193352
       6.524	0.193361
       6.525	0.19337
       6.526	0.193378
       6.527	0.193386
       6.528	0.193393
       6.529	0.193399
        6.53	0.193405
       6.531	0.193411
       6.532	0.193416
       6.533	0.193421
       6.534	0.193426
       6.535	0.193431
       6.536	0.193435
       6.537	0.19344
       6.538	0.193445
       6.539	0.193449
        6.54	0.193454
       6.541	0.193458
       6.542	0.193462
       6.543	0.193465
       6.544	0.193466
       6.545	0.193467
       6.546	0.193465
       6.547	0.193463
       6.548	0.193459
       6.549	0.193453
        6.55	0.193447
       6.551	0.193439
       6.552	0.193431
       6.553	0.193422
       6.554	0.193413
       6.555	0.193403
       6.556	0.193393
       6.557	0.193383
       6.558	0.193374
       6.559	0.193365
        6.56	0.193356
       6.561	0.193348
       6.562	0.19334
       6.563	0.193332
       6.564	0.193324
       6.565	0.193317
       6.566	0.19331
       6.567	0.193304
       6.568	0.193299
       6.569	0.193294
        6.57	0.193291
       6.571	0.193289
       6.572	0.193288
       6.573	0.193289
       6.574	0.193292
       6.575	0.193296
       6.576	0.193302
       6.577	0.19331
       6.578	0.193319
       6.579	0.193329
        6.58	0.19334
       6.581	0.19335
       6.582	0.193361
       6.583	0.19337
       6.584	0.193378
       6.585	0.193386
       6.586	0.193393
       6.587	0.193398
       6.588	0.193404
       6.589	0.193409
        6.59	0.193414
       6.591	0.193419
       6.592	0.193425
       6.593	0.193431
       6.594	0.193438
       6.595	0.193445
       6.596	0.193454
       6.597	0.193464
       6.598	0.193475
       6.599	0.193487
         6.6	0.1935
       6.601	0.193513
       6.602	0.193526
       6.603	0.193538
       6.604	0.193549
       6.605	0.193558
       6.606	0.193565
       6.607	0.193571
       6.608	0.193574
       6.609	0.193575
        6.61	0.193575
       6.611	0.193573
       6.612	0.19357
       6.613	0.193567
       6.614	0.193563
       6.615	0.193559
       6.616	0.193554
       6.617	0.19355
       6.618	0.193545
       6.619	0.193541
        6.62	0.193536
       6.621	0.193532
       6.622	0.193528
       6.623	0.193524
       6.624	0.19352
       6.625	0.193517
       6.626	0.193514
       6.627	0.193511
       6.628	0.193509
       6.629	0.193508
        6.63	0.193507
       6.631	0.193506
       6.632	0.193506
       6.633	0.193507
       6.634	0.193508
       6.635	0.19351
       6.636	0.193513
       6.637	0.193517
       6.638	0.193522
       6.639	0.193527
        6.64	0.193534
       6.641	0.193541
       6.642	0.193549
       6.643	0.193557
       6.644	0.193565
       6.645	0.193573
       6.646	0.193582
       6.647	0.19359
       6.648	0.193598
       6.649	0.193606
        6.65	0.193614
       6.651	0.193622
       6.652	0.19363
       6.653	0.193637
       6.654	0.193645
       6.655	0.193651
       6.656	0.193658
       6.657	0.193664
       6.658	0.193669
       6.659	0.193674
        6.66	0.193678
       6.661	0.193682
       6.662	0.193685
       6.663	0.193688
       6.664	0.19369
       6.665	0.193691
       6.666	0.193693
       6.667	0.193693
       6.668	0.193693
       6.669	0.193692
        6.67	0.19369
       6.671	0.193687
       6.672	0.193684
       6.673	0.193679
       6.674	0.193674
       6.675	0.193668
       6.676	0.193661
       6.677	0.193654
       6.678	0.193647
       6.679	0.193639
        6.68	0.19363
       6.681	0.193621
       6.682	0.193612
       6.683	0.193603
       6.684	0.193594
       6.685	0.193585
       6.686	0.193578
       6.687	0.193571
       6.688	0.193565
       6.689	0.193561
        6.69	0.193558
       6.691	0.193557
       6.692	0.193557
       6.693	0.19356
       6.694	0.193564
       6.695	0.193569
       6.696	0.193575
       6.697	0.193582
       6.698	0.193588
       6.699	0.193593
         6.7	0.193596
       6.701	0.193596
       6.702	0.193595
       6.703	0.193591
       6.704	0.193585
       6.705	0.193578
       6.706	0.19357
       6.707	0.193561
       6.708	0.193553
       6.709	0.193544
        6.71	0.193537
       6.711	0.193532
       6.712	0.193528
       6.713	0.193525
       6.714	0.193525
       6.715	0.193527
       6.716	0.19353
       6.717	0.193536
       6.718	0.193542
       6.719	0.19355
        6.72	0.193559
       6.721	0.193567
       6.722	0.193576
       6.723	0.193586
       6.724	0.193592
       6.725	0.193597
       6.726	0.193601
       6.727	0.193604
       6.728	0.193607
       6.729	0.193609
        6.73	0.193611
       6.731	0.193612
       6.732	0.193613
       6.733	0.193614
       6.734	0.193614
       6.735	0.193615
       6.736	0.193615
       6.737	0.193614
       6.738	0.193614
       6.739	0.193613
        6.74	0.193611
       6.741	0.193609
       6.742	0.193607
       6.743	0.193605
       6.744	0.193603
       6.745	0.1936
       6.746	0.193597
       6.747	0.193595
       6.748	0.193592
       6.749	0.193589
        6.75	0.193587
       6.751	0.193585
       6.752	0.193583
       6.753	0.193581
       6.754	0.193581
       6.755	0.19358
       6.756	0.193581
       6.757	0.193583
       6.758	0.193585
       6.759	0.193588
        6.76	0.193592
       6.761	0.193598
       6.762	0.193604
       6.763	0.193611
       6.764	0.193619
       6.765	0.193628
       6.766	0.193638
       6.767	0.193648
       6.768	0.193658
       6.769	0.193668
        6.77	0.193678
       6.771	0.193687
       6.772	0.193696
       6.773	0.193704
       6.774	0.193711
       6.775	0.193716
       6.776	0.193721
       6.777	0.193725
       6.778	0.193729
       6.779	0.193732
        6.78	0.193734
       6.781	0.193736
       6.782	0.193738
       6.783	0.193739
       6.784	0.193741
       6.785	0.193742
       6.786	0.193742
       6.787	0.193742
       6.788	0.193741
       6.789	0.193739
        6.79	0.193737
       6.791	0.193734
       6.792	0.19373
       6.793	0.193725
       6.794	0.193719
       6.795	0.193711
       6.796	0.193703
       6.797	0.193694
       6.798	0.193683
       6.799	0.193672
         6.8	0.193661
       6.801	0.19365
       6.802	0.193639
       6.803	0.193629
       6.804	0.19362
       6.805	0.193613
       6.806	0.193608
       6.807	0.193604
       6.808	0.193602
       6.809	0.193601
        6.81	0.193602
       6.811	0.193605
       6.812	0.193609
       6.813	0.193614
       6.814	0.19362
       6.815	0.193626
       6.816	0.193631
       6.817	0.193634
       6.818	0.193636
       6.819	0.193635
        6.82	0.19363
       6.821	0.193622
       6.822	0.193614
       6.823	0.193602
       6.824	0.193592
       6.825	0.193579
       6.826	0.19357
       6.827	0.193559
       6.828	0.193552
       6.829	0.193546
        6.83	0.193542
       6.831	0.193539
       6.832	0.193539
       6.833	0.193541
       6.834	0.193544
       6.835	0.193549
       6.836	0.193555
       6.837	0.193561
       6.838	0.193568
       6.839	0.193574
        6.84	0.193581
       6.841	0.193586
       6.842	0.193591
       6.843	0.193594
       6.844	0.193598
       6.845	0.1936
       6.846	0.193602
       6.847	0.193604
       6.848	0.193606
       6.849	0.193607
        6.85	0.193608
       6.851	0.193609
       6.852	0.19361
       6.853	0.19361
       6.854	0.193611
       6.855	0.193612
       6.856	0.193612
       6.857	0.193612
       6.858	0.193612
       6.859	0.193612
        6.86	0.193611
       6.861	0.19361
       6.862	0.193609
       6.863	0.193608
       6.864	0.193606
       6.865	0.193604
       6.866	0.193602
       6.867	0.1936
       6.868	0.193599
       6.869	0.193597
        6.87	0.193597
       6.871	0.193597
       6.872	0.193598
       6.873	0.1936
       6.874	0.193603
       6.875	0.193607
       6.876	0.193612
       6.877	0.193618
       6.878	0.193626
       6.879	0.193634
        6.88	0.193644
       6.881	0.193654
       6.882	0.193665
       6.883	0.193677
       6.884	0.193689
       6.885	0.193702
       6.886	0.193715
       6.887	0.193729
       6.888	0.193743
       6.889	0.193756
        6.89	0.19377
       6.891	0.193782
       6.892	0.193794
       6.893	0.193805
       6.894	0.193814
       6.895	0.193821
       6.896	0.193827
       6.897	0.193832
       6.898	0.193835
       6.899	0.193837
         6.9	0.193838
       6.901	0.193838
       6.902	0.193837
       6.903	0.193836
       6.904	0.193834
       6.905	0.193833
       6.906	0.193831
       6.907	0.193828
       6.908	0.193825
       6.909	0.193822
        6.91	0.193818
       6.911	0.193814
       6.912	0.193809
       6.913	0.193803
       6.914	0.193797
       6.915	0.19379
       6.916	0.193782
       6.917	0.193774
       6.918	0.193765
       6.919	0.193757
        6.92	0.193748
       6.921	0.193739
       6.922	0.193731
       6.923	0.193724
       6.924	0.193719
       6.925	0.193715
       6.926	0.193714
       6.927	0.193715
       6.928	0.193717
       6.929	0.193721
        6.93	0.193727
       6.931	0.193734
       6.932	0.193742
       6.933	0.193751
       6.934	0.193761
       6.935	0.19377
       6.936	0.193778
       6.937	0.193785
       6.938	0.19379
       6.939	0.193793
        6.94	0.193794
       6.941	0.193793
       6.942	0.193791
       6.943	0.193787
       6.944	0.193783
       6.945	0.193779
       6.946	0.193775
       6.947	0.193771
       6.948	0.193767
       6.949	0.193764
        6.95	0.193762
       6.951	0.193761
       6.952	0.193762
       6.953	0.193764
       6.954	0.193767
       6.955	0.193771
       6.956	0.193775
       6.957	0.193779
       6.958	0.193783
       6.959	0.193785
        6.96	0.193786
       6.961	0.193785
       6.962	0.193784
       6.963	0.193781
       6.964	0.193777
       6.965	0.193773
       6.966	0.193768
       6.967	0.193763
       6.968	0.193759
       6.969	0.193755
        6.97	0.193752
       6.971	0.193749
       6.972	0.193748
       6.973	0.193747
       6.974	0.193746
       6.975	0.193747
       6.976	0.193748
       6.977	0.193749
       6.978	0.193751
       6.979	0.193753
        6.98	0.193755
       6.981	0.193757
       6.982	0.19376
       6.983	0.193762
       6.984	0.193764
       6.985	0.193767
       6.986	0.193769
       6.987	0.193772
       6.988	0.193774
       6.989	0.193777
        6.99	0.19378
       6.991	0.193782
       6.992	0.193785
       6.993	0.193788
       6.994	0.193792
       6.995	0.193795
       6.996	0.1938
       6.997	0.193804
       6.998	0.193809
       6.999	0.193814
           7	0.19382


       7.001	0.190879
       7.002	0.205239
       7.003	0.211524
       7.004	0.214019
       7.005	0.214817
       7.006	0.214156
       7.007	0.211689
       7.008	0.207402
       7.009	0.201856
        7.01	0.195913
       7.011	0.190728
       7.012	0.18725
       7.013	0.185994
       7.014	0.18676
       7.015	0.188999
       7.016	0.191933
       7.017	0.194883
       7.018	0.197243
       7.019	0.198667
        7.02	0.199094
       7.021	0.19868
       7.022	0.197728
       7.023	0.196602
       7.024	0.195455
       7.025	0.194476
       7.026	0.193778
       7.027	0.193389
       7.028	0.193271
       7.029	0.193344
        7.03	0.19351
       7.031	0.1937
       7.032	0.193872
       7.033	0.194015
       7.034	0.19411
       7.035	0.194149
       7.036	0.19413
       7.037	0.194068
       7.038	0.193993
       7.039	0.193928
        7.04	0.193888
       7.041	0.193873
       7.042	0.193882
       7.043	0.193912
       7.044	0.193954
       7.045	0.193999
       7.046	0.194039
       7.047	0.194063
       7.048	0.194065
       7.049	0.194041
        7.05	0.193992
       7.051	0.19392
       7.052	0.193833
       7.053	0.193738
       7.054	0.193646
       7.055	0.193565
       7.056	0.193502
       7.057	0.193462
       7.058	0.193449
       7.059	0.193465
        7.06	0.193509
       7.061	0.193577
       7.062	0.193665
       7.063	0.193767
       7.064	0.193879
       7.065	0.193997
       7.066	0.194118
       7.067	0.19424
       7.068	0.19436
       7.069	0.194477
        7.07	0.19459
       7.071	0.194697
       7.072	0.194798
       7.073	0.194891
       7.074	0.194976
       7.075	0.19505
       7.076	0.195115
       7.077	0.19517
       7.078	0.195213
       7.079	0.195247
        7.08	0.195271
       7.081	0.195286
       7.082	0.195293
       7.083	0.195294
       7.084	0.195291
       7.085	0.195283
       7.086	0.195274
       7.087	0.195264
       7.088	0.195257
       7.089	0.195254
        7.09	0.195254
       7.091	0.19526
       7.092	0.195268
       7.093	0.195281
       7.094	0.195299
       7.095	0.19532
       7.096	0.195343
       7.097	0.195367
       7.098	0.19539
       7.099	0.195411
         7.1	0.195428
       7.101	0.195439
       7.102	0.195445
       7.103	0.195444
       7.104	0.195437
       7.105	0.195423
       7.106	0.195405
       7.107	0.195383
       7.108	0.195358
       7.109	0.195332
        7.11	0.195305
       7.111	0.19528
       7.112	0.195258
       7.113	0.19524
       7.114	0.195227
       7.115	0.19522
       7.116	0.195221
       7.117	0.19523
       7.118	0.195246
       7.119	0.19527
        7.12	0.195301
       7.121	0.195339
       7.122	0.195382
       7.123	0.195429
       7.124	0.195482
       7.125	0.195538
       7.126	0.195597
       7.127	0.195659
       7.128	0.195722
       7.129	0.195786
        7.13	0.195849
       7.131	0.19591
       7.132	0.195967
       7.133	0.19602
       7.134	0.196067
       7.135	0.196107
       7.136	0.196139
       7.137	0.196163
       7.138	0.196179
       7.139	0.196187
        7.14	0.196188
       7.141	0.196182
       7.142	0.196171
       7.143	0.196155
       7.144	0.196135
       7.145	0.196113
       7.146	0.19609
       7.147	0.196067
       7.148	0.196046
       7.149	0.196026
        7.15	0.196014
       7.151	0.196001
       7.152	0.195989
       7.153	0.195976
       7.154	0.195969
       7.155	0.195963
       7.156	0.19596
       7.157	0.195958
       7.158	0.195959
       7.159	0.19596
        7.16	0.195964
       7.161	0.195968
       7.162	0.195974
       7.163	0.19598
       7.164	0.195989
       7.165	0.195998
       7.166	0.196008
       7.167	0.196019
       7.168	0.196031
       7.169	0.196042
        7.17	0.196054
       7.171	0.196064
       7.172	0.196074
       7.173	0.196081
       7.174	0.196087
       7.175	0.196088
       7.176	0.196087
       7.177	0.19608
       7.178	0.196068
       7.179	0.19605
        7.18	0.196025
       7.181	0.195993
       7.182	0.195954
       7.183	0.195907
       7.184	0.195854
       7.185	0.195795
       7.186	0.195731
       7.187	0.195661
       7.188	0.195589
       7.189	0.195515
        7.19	0.195441
       7.191	0.195369
       7.192	0.195299
       7.193	0.195233
       7.194	0.195172
       7.195	0.195116
       7.196	0.195064
       7.197	0.195017
       7.198	0.194975
       7.199	0.194935
         7.2	0.194899
       7.201	0.194865
       7.202	0.194833
       7.203	0.194803
       7.204	0.194775
       7.205	0.194749
       7.206	0.194726
       7.207	0.194706
       7.208	0.194689
       7.209	0.194677
        7.21	0.19467
       7.211	0.194667
       7.212	0.194671
       7.213	0.194681
       7.214	0.194698
       7.215	0.194721
       7.216	0.194751
       7.217	0.194788
       7.218	0.194831
       7.219	0.194878
        7.22	0.19493
       7.221	0.194982
       7.222	0.195035
       7.223	0.195087
       7.224	0.195136
       7.225	0.195181
       7.226	0.195223
       7.227	0.195267
       7.228	0.195295
       7.229	0.195317
        7.23	0.195333
       7.231	0.195341
       7.232	0.195344
       7.233	0.19534
       7.234	0.195333
       7.235	0.195322
       7.236	0.195307
       7.237	0.19529
       7.238	0.195271
       7.239	0.19525
        7.24	0.195227
       7.241	0.195201
       7.242	0.195182
       7.243	0.195158
       7.244	0.195121
       7.245	0.195094
       7.246	0.195065
       7.247	0.195036
       7.248	0.195006
       7.249	0.194977
        7.25	0.19495
       7.251	0.194924
       7.252	0.1949
       7.253	0.194879
       7.254	0.19486
       7.255	0.194844
       7.256	0.194832
       7.257	0.194823
       7.258	0.194817
       7.259	0.194814
        7.26	0.194815
       7.261	0.19482
       7.262	0.194828
       7.263	0.194839
       7.264	0.194853
       7.265	0.194875
       7.266	0.194891
       7.267	0.194908
       7.268	0.194925
       7.269	0.194942
        7.27	0.194957
       7.271	0.194969
       7.272	0.194978
       7.273	0.194981
       7.274	0.194978
       7.275	0.194969
       7.276	0.194954
       7.277	0.194932
       7.278	0.194904
       7.279	0.194869
        7.28	0.194829
       7.281	0.194784
       7.282	0.194735
       7.283	0.194681
       7.284	0.194625
       7.285	0.194566
       7.286	0.194506
       7.287	0.194446
       7.288	0.194387
       7.289	0.194328
        7.29	0.194272
       7.291	0.194219
       7.292	0.194169
       7.293	0.194122
       7.294	0.194079
       7.295	0.19404
       7.296	0.194005
       7.297	0.193973
       7.298	0.193945
       7.299	0.19392
         7.3	0.193899
       7.301	0.193881
       7.302	0.193866
       7.303	0.193855
       7.304	0.193847
       7.305	0.193843
       7.306	0.193842
       7.307	0.193845
       7.308	0.193851
       7.309	0.193861
        7.31	0.193874
       7.311	0.193891
       7.312	0.193911
       7.313	0.193938
       7.314	0.19396
       7.315	0.193989
       7.316	0.194016
       7.317	0.194042
       7.318	0.194067
       7.319	0.194091
        7.32	0.194115
       7.321	0.194138
       7.322	0.194161
       7.323	0.194181
       7.324	0.194199
       7.325	0.194213
       7.326	0.194223
       7.327	0.194227
       7.328	0.194225
       7.329	0.19422
        7.33	0.194205
       7.331	0.19419
       7.332	0.194169
       7.333	0.194143
       7.334	0.194113
       7.335	0.194081
       7.336	0.194047
       7.337	0.194014
       7.338	0.193983
       7.339	0.193954
        7.34	0.193927
       7.341	0.193903
       7.342	0.193882
       7.343	0.193864
       7.344	0.193848
       7.345	0.193833
       7.346	0.193819
       7.347	0.193806
       7.348	0.193792
       7.349	0.193778
        7.35	0.193763
       7.351	0.193748
       7.352	0.193728
       7.353	0.193713
       7.354	0.193695
       7.355	0.193679
       7.356	0.193664
       7.357	0.193652
       7.358	0.193641
       7.359	0.193632
        7.36	0.193625
       7.361	0.19362
       7.362	0.193618
       7.363	0.193618
       7.364	0.193622
       7.365	0.193627
       7.366	0.193638
       7.367	0.193648
       7.368	0.19366
       7.369	0.193674
        7.37	0.193691
       7.371	0.193705
       7.372	0.193721
       7.373	0.193732
       7.374	0.193744
       7.375	0.193753
       7.376	0.193758
       7.377	0.193762
       7.378	0.193764
       7.379	0.193762
        7.38	0.193759
       7.381	0.193753
       7.382	0.193745
       7.383	0.193735
       7.384	0.193724
       7.385	0.193711
       7.386	0.193698
       7.387	0.193684
       7.388	0.193669
       7.389	0.193653
        7.39	0.193638
       7.391	0.193623
       7.392	0.193608
       7.393	0.193593
       7.394	0.19358
       7.395	0.193567
       7.396	0.193556
       7.397	0.193547
       7.398	0.193541
       7.399	0.193537
         7.4	0.193537
       7.401	0.193541
       7.402	0.193549
       7.403	0.19356
       7.404	0.193575
       7.405	0.193592
       7.406	0.193615
       7.407	0.193641
       7.408	0.193666
       7.409	0.193698
        7.41	0.19373
       7.411	0.193761
       7.412	0.193791
       7.413	0.19382
       7.414	0.193845
       7.415	0.193868
       7.416	0.193887
       7.417	0.193902
       7.418	0.193912
       7.419	0.193918
        7.42	0.193918
       7.421	0.193913
       7.422	0.193902
       7.423	0.193886
       7.424	0.193864
       7.425	0.193838
       7.426	0.193807
       7.427	0.193777
       7.428	0.193736
       7.429	0.193699
        7.43	0.193659
       7.431	0.193615
       7.432	0.193569
       7.433	0.193521
       7.434	0.193474
       7.435	0.193428
       7.436	0.193384
       7.437	0.193343
       7.438	0.193303
       7.439	0.193267
        7.44	0.193227
       7.441	0.193194
       7.442	0.193166
       7.443	0.193143
       7.444	0.193124
       7.445	0.193107
       7.446	0.193093
       7.447	0.193082
       7.448	0.193073
       7.449	0.193067
        7.45	0.193065
       7.451	0.193066
       7.452	0.193071
       7.453	0.193081
       7.454	0.193094
       7.455	0.193111
       7.456	0.193127
       7.457	0.193152
       7.458	0.193179
       7.459	0.193203
        7.46	0.19323
       7.461	0.193264
       7.462	0.193293
       7.463	0.193323
       7.464	0.193353
       7.465	0.193382
       7.466	0.193414
       7.467	0.193438
       7.468	0.19346
       7.469	0.193479
        7.47	0.193496
       7.471	0.19351
       7.472	0.193521
       7.473	0.193529
       7.474	0.193533
       7.475	0.193534
       7.476	0.193532
       7.477	0.193527
       7.478	0.193519
       7.479	0.193504
        7.48	0.193493
       7.481	0.193475
       7.482	0.19346
       7.483	0.193443
       7.484	0.193424
       7.485	0.193397
       7.486	0.193375
       7.487	0.193352
       7.488	0.193327
       7.489	0.193302
        7.49	0.193277
       7.491	0.193252
       7.492	0.193228
       7.493	0.193206
       7.494	0.193185
       7.495	0.193165
       7.496	0.193148
       7.497	0.193131
       7.498	0.193117
       7.499	0.193104
         7.5	0.193093
       7.501	0.193083
       7.502	0.193076
       7.503	0.193071
       7.504	0.193067
       7.505	0.193066
       7.506	0.193067
       7.507	0.193072
       7.508	0.193077
       7.509	0.193083
        7.51	0.193088
       7.511	0.193094
       7.512	0.193099
       7.513	0.193106
       7.514	0.193112
       7.515	0.193121
       7.516	0.193127
       7.517	0.193134
       7.518	0.193141
       7.519	0.193148
        7.52	0.193153
       7.521	0.193158
       7.522	0.193161
       7.523	0.193163
       7.524	0.193165
       7.525	0.193165
       7.526	0.193164
       7.527	0.193161
       7.528	0.193158
       7.529	0.193156
        7.53	0.193158
       7.531	0.193158
       7.532	0.193157
       7.533	0.193158
       7.534	0.193157
       7.535	0.193157
       7.536	0.193156
       7.537	0.193154
       7.538	0.193152
       7.539	0.193148
        7.54	0.193144
       7.541	0.193139
       7.542	0.193133
       7.543	0.193128
       7.544	0.19312
       7.545	0.193113
       7.546	0.193106
       7.547	0.193098
       7.548	0.193091
       7.549	0.193083
        7.55	0.193075
       7.551	0.193068
       7.552	0.193062
       7.553	0.193056
       7.554	0.193051
       7.555	0.193046
       7.556	0.193043
       7.557	0.193039
       7.558	0.193036
       7.559	0.193032
        7.56	0.193028
       7.561	0.193023
       7.562	0.193016
       7.563	0.193008
       7.564	0.192999
       7.565	0.192988
       7.566	0.192975
       7.567	0.192961
       7.568	0.192946
       7.569	0.192929
        7.57	0.192912
       7.571	0.192895
       7.572	0.192877
       7.573	0.19286
       7.574	0.192842
       7.575	0.192824
       7.576	0.192807
       7.577	0.19279
       7.578	0.192773
       7.579	0.192757
        7.58	0.192741
       7.581	0.192727
       7.582	0.192714
       7.583	0.192702
       7.584	0.192691
       7.585	0.192682
       7.586	0.192675
       7.587	0.19267
       7.588	0.192667
       7.589	0.192667
        7.59	0.19267
       7.591	0.192675
       7.592	0.192684
       7.593	0.192696
       7.594	0.192711
       7.595	0.192728
       7.596	0.192748
       7.597	0.192769
       7.598	0.192791
       7.599	0.192815
         7.6	0.192838
       7.601	0.192861
       7.602	0.192883
       7.603	0.192904
       7.604	0.192923
       7.605	0.19294
       7.606	0.192955
       7.607	0.192967
       7.608	0.192977
       7.609	0.192984
        7.61	0.192988
       7.611	0.192988
       7.612	0.192986
       7.613	0.192981
       7.614	0.192973
       7.615	0.192963
       7.616	0.19295
       7.617	0.192934
       7.618	0.192916
       7.619	0.192895
        7.62	0.192873
       7.621	0.192849
       7.622	0.192824
       7.623	0.192798
       7.624	0.192771
       7.625	0.192744
       7.626	0.192718
       7.627	0.192693
       7.628	0.192668
       7.629	0.192646
        7.63	0.19262
       7.631	0.1926
       7.632	0.192586
       7.633	0.192572
       7.634	0.192562
       7.635	0.192553
       7.636	0.192548
       7.637	0.192545
       7.638	0.192543
       7.639	0.192545
        7.64	0.192549
       7.641	0.192556
       7.642	0.192567
       7.643	0.19258
       7.644	0.192596
       7.645	0.192615
       7.646	0.192636
       7.647	0.19266
       7.648	0.192685
       7.649	0.192713
        7.65	0.192746
       7.651	0.192777
       7.652	0.192802
       7.653	0.192827
       7.654	0.192855
       7.655	0.192877
       7.656	0.192898
       7.657	0.19292
       7.658	0.192936
       7.659	0.192949
        7.66	0.192958
       7.661	0.192963
       7.662	0.192965
       7.663	0.192962
       7.664	0.192954
       7.665	0.192942
       7.666	0.192922
       7.667	0.192902
       7.668	0.192878
       7.669	0.19285
        7.67	0.192818
       7.671	0.192785
       7.672	0.19275
       7.673	0.192714
       7.674	0.192678
       7.675	0.192642
       7.676	0.192606
       7.677	0.192572
       7.678	0.192538
       7.679	0.192505
        7.68	0.192475
       7.681	0.192446
       7.682	0.192419
       7.683	0.192395
       7.684	0.192374
       7.685	0.192355
       7.686	0.192339
       7.687	0.192326
       7.688	0.192316
       7.689	0.192308
        7.69	0.192304
       7.691	0.192302
       7.692	0.192303
       7.693	0.192306
       7.694	0.192311
       7.695	0.192318
       7.696	0.192326
       7.697	0.192339
       7.698	0.192349
       7.699	0.192361
         7.7	0.192373
       7.701	0.192386
       7.702	0.1924
       7.703	0.192413
       7.704	0.192427
       7.705	0.19244
       7.706	0.192452
       7.707	0.192464
       7.708	0.192476
       7.709	0.192487
        7.71	0.192497
       7.711	0.192506
       7.712	0.192515
       7.713	0.192523
       7.714	0.19253
       7.715	0.192537
       7.716	0.192542
       7.717	0.192547
       7.718	0.19255
       7.719	0.192553
        7.72	0.192556
       7.721	0.192556
       7.722	0.192555
       7.723	0.192553
       7.724	0.192553
       7.725	0.192548
       7.726	0.192542
       7.727	0.192535
       7.728	0.192528
       7.729	0.19252
        7.73	0.192514
       7.731	0.192506
       7.732	0.192498
       7.733	0.19249
       7.734	0.192482
       7.735	0.192474
       7.736	0.192467
       7.737	0.19246
       7.738	0.192455
       7.739	0.192451
        7.74	0.192448
       7.741	0.192447
       7.742	0.192447
       7.743	0.192448
       7.744	0.19245
       7.745	0.192454
       7.746	0.192458
       7.747	0.192462
       7.748	0.192467
       7.749	0.192472
        7.75	0.192478
       7.751	0.192483
       7.752	0.192489
       7.753	0.192495
       7.754	0.1925
       7.755	0.192504
       7.756	0.192509
       7.757	0.192513
       7.758	0.192516
       7.759	0.192519
        7.76	0.192521
       7.761	0.192522
       7.762	0.192523
       7.763	0.192524
       7.764	0.192524
       7.765	0.192524
       7.766	0.192523
       7.767	0.192522
       7.768	0.192521
       7.769	0.19252
        7.77	0.19252
       7.771	0.192519
       7.772	0.192518
       7.773	0.192518
       7.774	0.192519
       7.775	0.192519
       7.776	0.19252
       7.777	0.192522
       7.778	0.192523
       7.779	0.192525
        7.78	0.192528
       7.781	0.19253
       7.782	0.192533
       7.783	0.192535
       7.784	0.192538
       7.785	0.19254
       7.786	0.192542
       7.787	0.192544
       7.788	0.192545
       7.789	0.192547
        7.79	0.192547
       7.791	0.192548
       7.792	0.19255
       7.793	0.192549
       7.794	0.192547
       7.795	0.192544
       7.796	0.192541
       7.797	0.192536
       7.798	0.19253
       7.799	0.192523
         7.8	0.192515
       7.801	0.192506
       7.802	0.192495
       7.803	0.192483
       7.804	0.192471
       7.805	0.192456
       7.806	0.192441
       7.807	0.192423
       7.808	0.192405
       7.809	0.192384
        7.81	0.192362
       7.811	0.192339
       7.812	0.192315
       7.813	0.19229
       7.814	0.192264
       7.815	0.192239
       7.816	0.192214
       7.817	0.192185
       7.818	0.192164
       7.819	0.192141
        7.82	0.192121
       7.821	0.192108
       7.822	0.192094
       7.823	0.192086
       7.824	0.192077
       7.825	0.192073
       7.826	0.192072
       7.827	0.192074
       7.828	0.19208
       7.829	0.192088
        7.83	0.192101
       7.831	0.192117
       7.832	0.192137
       7.833	0.192164
       7.834	0.192191
       7.835	0.192225
       7.836	0.192256
       7.837	0.192295
       7.838	0.192333
       7.839	0.192365
        7.84	0.192403
       7.841	0.192436
       7.842	0.192472
       7.843	0.192501
       7.844	0.19253
       7.845	0.192557
       7.846	0.192582
       7.847	0.192604
       7.848	0.192624
       7.849	0.19264
        7.85	0.192654
       7.851	0.192661
       7.852	0.192665
       7.853	0.192665
       7.854	0.19266
       7.855	0.192653
       7.856	0.192641
       7.857	0.192626
       7.858	0.192609
       7.859	0.192588
        7.86	0.192566
       7.861	0.192543
       7.862	0.19252
       7.863	0.192496
       7.864	0.192472
       7.865	0.192449
       7.866	0.192427
       7.867	0.192405
       7.868	0.192382
       7.869	0.192363
        7.87	0.192346
       7.871	0.192329
       7.872	0.192313
       7.873	0.192298
       7.874	0.192285
       7.875	0.192272
       7.876	0.192261
       7.877	0.192252
       7.878	0.192244
       7.879	0.192239
        7.88	0.192236
       7.881	0.192235
       7.882	0.192236
       7.883	0.192239
       7.884	0.192244
       7.885	0.192252
       7.886	0.192261
       7.887	0.192272
       7.888	0.192284
       7.889	0.192297
        7.89	0.192311
       7.891	0.192325
       7.892	0.192339
       7.893	0.192354
       7.894	0.192369
       7.895	0.192384
       7.896	0.192399
       7.897	0.192413
       7.898	0.192426
       7.899	0.192439
         7.9	0.19245
       7.901	0.192458
       7.902	0.192465
       7.903	0.192468
       7.904	0.192469
       7.905	0.192467
       7.906	0.192462
       7.907	0.192454
       7.908	0.192443
       7.909	0.192426
        7.91	0.192411
       7.911	0.19239
       7.912	0.192368
       7.913	0.192346
       7.914	0.192323
       7.915	0.192299
       7.916	0.192275
       7.917	0.19225
       7.918	0.192225
       7.919	0.192202
        7.92	0.192176
       7.921	0.192152
       7.922	0.192126
       7.923	0.192103
       7.924	0.192077
       7.925	0.192053
       7.926	0.192034
       7.927	0.192015
       7.928	0.191996
       7.929	0.19198
        7.93	0.191967
       7.931	0.191956
       7.932	0.191949
       7.933	0.191945
       7.934	0.191945
       7.935	0.191947
       7.936	0.191953
       7.937	0.191962
       7.938	0.191975
       7.939	0.19199
        7.94	0.192009
       7.941	0.192031
       7.942	0.192055
       7.943	0.192082
       7.944	0.192111
       7.945	0.192142
       7.946	0.192174
       7.947	0.192206
       7.948	0.192239
       7.949	0.192271
        7.95	0.192302
       7.951	0.192331
       7.952	0.192358
       7.953	0.192383
       7.954	0.192406
       7.955	0.192427
       7.956	0.192447
       7.957	0.192465
       7.958	0.192482
       7.959	0.192497
        7.96	0.192511
       7.961	0.192523
       7.962	0.192534
       7.963	0.192543
       7.964	0.192552
       7.965	0.192557
       7.966	0.192561
       7.967	0.192562
       7.968	0.192563
       7.969	0.19256
        7.97	0.192557
       7.971	0.192552
       7.972	0.192544
       7.973	0.192538
       7.974	0.192529
       7.975	0.192519
       7.976	0.19251
       7.977	0.1925
       7.978	0.192492
       7.979	0.192484
        7.98	0.192477
       7.981	0.19247
       7.982	0.192465
       7.983	0.19246
       7.984	0.192455
       7.985	0.192452
       7.986	0.192449
       7.987	0.192446
       7.988	0.192444
       7.989	0.192442
        7.99	0.19244
       7.991	0.192437
       7.992	0.192435
       7.993	0.192431
       7.994	0.192427
       7.995	0.192422
       7.996	0.192415
       7.997	0.192409
       7.998	0.192401
       7.999	0.192392
           8	0.192381


       8.001	0.142404
       8.002	0.144721
       8.003	0.156096
       8.004	0.174366
       8.005	0.194016
       8.006	0.209259
       8.007	0.216502
       8.008	0.215183
       8.009	0.207332
        8.01	0.196119
       8.011	0.184767
       8.012	0.176084
       8.013	0.17129
       8.014	0.17029
       8.015	0.172237
       8.016	0.175835
       8.017	0.179851
       8.018	0.183346
       8.019	0.185743
        8.02	0.186835
       8.021	0.186865
       8.022	0.186099
       8.023	0.184903
       8.024	0.183678
       8.025	0.182532
       8.026	0.181528
       8.027	0.180859
       8.028	0.180527
       8.029	0.180478
        8.03	0.180588
       8.031	0.180786
       8.032	0.181003
       8.033	0.181179
       8.034	0.181313
       8.035	0.181413
       8.036	0.181493
       8.037	0.181565
       8.038	0.181634
       8.039	0.181706
        8.04	0.181784
       8.041	0.181868
       8.042	0.181954
       8.043	0.182035
       8.044	0.182109
       8.045	0.182167
       8.046	0.18221
       8.047	0.182247
       8.048	0.182272
       8.049	0.182295
        8.05	0.182321
       8.051	0.182351
       8.052	0.182384
       8.053	0.182418
       8.054	0.182455
       8.055	0.182499
       8.056	0.182547
       8.057	0.182612
       8.058	0.182683
       8.059	0.182782
        8.06	0.182885
       8.061	0.183022
       8.062	0.183171
       8.063	0.183325
       8.064	0.183482
       8.065	0.183635
       8.066	0.183782
       8.067	0.183919
       8.068	0.184043
       8.069	0.184151
        8.07	0.18424
       8.071	0.184311
       8.072	0.184362
       8.073	0.18439
       8.074	0.184414
       8.075	0.184419
       8.076	0.184419
       8.077	0.184405
       8.078	0.184387
       8.079	0.184361
        8.08	0.184334
       8.081	0.184305
       8.082	0.184276
       8.083	0.184252
       8.084	0.184232
       8.085	0.18422
       8.086	0.184217
       8.087	0.184219
       8.088	0.184226
       8.089	0.184241
        8.09	0.184262
       8.091	0.184283
       8.092	0.184301
       8.093	0.184315
       8.094	0.184325
       8.095	0.184331
       8.096	0.184332
       8.097	0.18433
       8.098	0.184324
       8.099	0.184316
         8.1	0.184305
       8.101	0.184293
       8.102	0.18428
       8.103	0.184266
       8.104	0.184252
       8.105	0.184239
       8.106	0.184226
       8.107	0.184216
       8.108	0.184209
       8.109	0.184205
        8.11	0.184205
       8.111	0.18421
       8.112	0.184221
       8.113	0.184237
       8.114	0.184258
       8.115	0.184282
       8.116	0.184311
       8.117	0.184341
       8.118	0.184373
       8.119	0.184405
        8.12	0.184436
       8.121	0.184465
       8.122	0.184491
       8.123	0.184514
       8.124	0.184533
       8.125	0.184547
       8.126	0.184558
       8.127	0.184564
       8.128	0.184567
       8.129	0.184567
        8.13	0.184563
       8.131	0.184556
       8.132	0.184547
       8.133	0.184536
       8.134	0.184522
       8.135	0.184506
       8.136	0.184487
       8.137	0.184466
       8.138	0.184443
       8.139	0.184417
        8.14	0.184388
       8.141	0.184357
       8.142	0.184323
       8.143	0.184287
       8.144	0.184248
       8.145	0.184207
       8.146	0.184164
       8.147	0.184118
       8.148	0.18407
       8.149	0.184019
        8.15	0.183965
       8.151	0.183908
       8.152	0.183847
       8.153	0.183783
       8.154	0.183715
       8.155	0.183643
       8.156	0.183567
       8.157	0.183488
       8.158	0.183406
       8.159	0.183321
        8.16	0.183234
       8.161	0.183145
       8.162	0.183055
       8.163	0.182964
       8.164	0.182875
       8.165	0.182787
       8.166	0.1827
       8.167	0.182616
       8.168	0.182534
       8.169	0.182454
        8.17	0.182376
       8.171	0.182302
       8.172	0.18223
       8.173	0.18216
       8.174	0.182094
       8.175	0.18203
       8.176	0.181971
       8.177	0.181914
       8.178	0.181861
       8.179	0.18181
        8.18	0.181761
       8.181	0.181715
       8.182	0.181672
       8.183	0.181629
       8.184	0.181588
       8.185	0.181548
       8.186	0.181509
       8.187	0.181471
       8.188	0.181434
       8.189	0.181396
        8.19	0.181359
       8.191	0.181322
       8.192	0.181285
       8.193	0.181248
       8.194	0.181211
       8.195	0.181174
       8.196	0.181139
       8.197	0.181104
       8.198	0.18107
       8.199	0.181035
         8.2	0.180998
       8.201	0.18096
       8.202	0.180919
       8.203	0.180878
       8.204	0.180835
       8.205	0.180791
       8.206	0.180746
       8.207	0.180699
       8.208	0.18065
       8.209	0.180599
        8.21	0.180546
       8.211	0.180489
       8.212	0.18043
       8.213	0.180367
       8.214	0.180301
       8.215	0.180232
       8.216	0.18016
       8.217	0.180085
       8.218	0.180006
       8.219	0.179924
        8.22	0.179836
       8.221	0.179743
       8.222	0.179644
       8.223	0.179538
       8.224	0.179426
       8.225	0.179307
       8.226	0.179181
       8.227	0.179045
       8.228	0.178901
       8.229	0.178749
        8.23	0.178589
       8.231	0.178412
       8.232	0.178247
       8.233	0.178075
       8.234	0.177884
       8.235	0.177692
       8.236	0.177514
       8.237	0.177311
       8.238	0.177104
       8.239	0.176894
        8.24	0.176679
       8.241	0.17646
       8.242	0.176237
       8.243	0.176014
       8.244	0.175781
       8.245	0.175548
       8.246	0.17532
       8.247	0.175097
       8.248	0.174878
       8.249	0.174661
        8.25	0.174447
       8.251	0.174243
       8.252	0.174052
       8.253	0.173867
       8.254	0.173679
       8.255	0.173486
       8.256	0.173287
       8.257	0.173088
       8.258	0.172896
       8.259	0.172712
        8.26	0.172531
       8.261	0.17235
       8.262	0.172174
       8.263	0.171996
       8.264	0.171813
       8.265	0.17162
       8.266	0.171414
       8.267	0.171197
       8.268	0.17097
       8.269	0.170735
        8.27	0.170497
       8.271	0.170256
       8.272	0.170013
       8.273	0.16977
       8.274	0.169526
       8.275	0.169282
       8.276	0.169036
       8.277	0.16879
       8.278	0.168543
       8.279	0.168296
        8.28	0.168049
       8.281	0.167803
       8.282	0.16756
       8.283	0.167319
       8.284	0.167082
       8.285	0.166855
       8.286	0.16664
       8.287	0.166437
       8.288	0.166249
       8.289	0.166077
        8.29	0.165922
       8.291	0.165794
       8.292	0.165689
       8.293	0.165604
       8.294	0.165536
       8.295	0.165486
       8.296	0.165455
       8.297	0.165444
       8.298	0.165455
       8.299	0.165487
         8.3	0.165542
       8.301	0.165619
       8.302	0.165716
       8.303	0.165831
       8.304	0.165964
       8.305	0.166112
       8.306	0.166274
       8.307	0.166448
       8.308	0.166634
       8.309	0.166829
        8.31	0.167007
       8.311	0.167225
       8.312	0.167445
       8.313	0.167661
       8.314	0.167844
       8.315	0.168049
       8.316	0.168238
       8.317	0.168407
       8.318	0.168537
       8.319	0.168663
        8.32	0.168754
       8.321	0.168823
       8.322	0.168868
       8.323	0.168887
       8.324	0.168879
       8.325	0.168846
       8.326	0.168788
       8.327	0.16871
       8.328	0.168613
       8.329	0.168502
        8.33	0.16838
       8.331	0.16825
       8.332	0.168115
       8.333	0.167977
       8.334	0.167839
       8.335	0.167703
       8.336	0.167571
       8.337	0.167446
       8.338	0.167329
       8.339	0.167222
        8.34	0.167128
       8.341	0.167047
       8.342	0.166979
       8.343	0.166924
       8.344	0.166881
       8.345	0.166849
       8.346	0.166826
       8.347	0.16681
       8.348	0.166786
       8.349	0.166784
        8.35	0.16677
       8.351	0.16676
       8.352	0.166748
       8.353	0.16673
       8.354	0.166704
       8.355	0.166667
       8.356	0.166618
       8.357	0.166557
       8.358	0.166486
       8.359	0.166421
        8.36	0.166324
       8.361	0.166228
       8.362	0.166116
       8.363	0.165994
       8.364	0.165867
       8.365	0.165739
       8.366	0.165608
       8.367	0.165474
       8.368	0.165334
       8.369	0.165194
        8.37	0.16505
       8.371	0.164899
       8.372	0.164739
       8.373	0.16457
       8.374	0.164392
       8.375	0.164209
       8.376	0.164024
       8.377	0.16384
       8.378	0.16366
       8.379	0.163485
        8.38	0.163317
       8.381	0.163157
       8.382	0.163014
       8.383	0.162881
       8.384	0.162758
       8.385	0.162642
       8.386	0.162537
       8.387	0.162444
       8.388	0.162367
       8.389	0.16231
        8.39	0.162275
       8.391	0.162263
       8.392	0.162276
       8.393	0.162311
       8.394	0.162371
       8.395	0.162455
       8.396	0.16256
       8.397	0.162686
       8.398	0.162827
       8.399	0.16298
         8.4	0.163144
       8.401	0.163315
       8.402	0.16349
       8.403	0.163669
       8.404	0.16385
       8.405	0.164029
       8.406	0.164206
       8.407	0.164379
       8.408	0.164544
       8.409	0.164701
        8.41	0.164848
       8.411	0.164983
       8.412	0.165106
       8.413	0.165217
       8.414	0.165314
       8.415	0.165399
       8.416	0.16547
       8.417	0.165528
       8.418	0.165573
       8.419	0.165605
        8.42	0.165627
       8.421	0.165639
       8.422	0.165643
       8.423	0.16564
       8.424	0.165632
       8.425	0.16562
       8.426	0.165605
       8.427	0.16559
       8.428	0.165574
       8.429	0.165559
        8.43	0.165546
       8.431	0.165536
       8.432	0.165528
       8.433	0.165523
       8.434	0.165521
       8.435	0.165522
       8.436	0.165526
       8.437	0.165532
       8.438	0.165538
       8.439	0.165544
        8.44	0.165548
       8.441	0.165549
       8.442	0.165546
       8.443	0.165537
       8.444	0.165523
       8.445	0.165503
       8.446	0.165477
       8.447	0.165445
       8.448	0.165407
       8.449	0.165363
        8.45	0.165316
       8.451	0.165264
       8.452	0.16521
       8.453	0.165154
       8.454	0.165097
       8.455	0.165039
       8.456	0.164982
       8.457	0.164925
       8.458	0.164868
       8.459	0.164812
        8.46	0.164756
       8.461	0.1647
       8.462	0.164644
       8.463	0.164589
       8.464	0.164534
       8.465	0.16448
       8.466	0.164427
       8.467	0.164375
       8.468	0.164325
       8.469	0.164276
        8.47	0.16423
       8.471	0.164187
       8.472	0.164147
       8.473	0.16411
       8.474	0.164076
       8.475	0.164047
       8.476	0.164021
       8.477	0.164
       8.478	0.163983
       8.479	0.163971
        8.48	0.163963
       8.481	0.16396
       8.482	0.163961
       8.483	0.163966
       8.484	0.163976
       8.485	0.16399
       8.486	0.164008
       8.487	0.164028
       8.488	0.164051
       8.489	0.164077
        8.49	0.164104
       8.491	0.164132
       8.492	0.164162
       8.493	0.164194
       8.494	0.164227
       8.495	0.164261
       8.496	0.164296
       8.497	0.164333
       8.498	0.16437
       8.499	0.164407
         8.5	0.164445
       8.501	0.164482
       8.502	0.164519
       8.503	0.164554
       8.504	0.164588
       8.505	0.16462
       8.506	0.16465
       8.507	0.164678
       8.508	0.164704
       8.509	0.164727
        8.51	0.164749
       8.511	0.16477
       8.512	0.16479
       8.513	0.164809
       8.514	0.164828
       8.515	0.164848
       8.516	0.164869
       8.517	0.16489
       8.518	0.164913
       8.519	0.164938
        8.52	0.164964
       8.521	0.164991
       8.522	0.16502
       8.523	0.16505
       8.524	0.16508
       8.525	0.165109
       8.526	0.165136
       8.527	0.165162
       8.528	0.165185
       8.529	0.165205
        8.53	0.165221
       8.531	0.165234
       8.532	0.165242
       8.533	0.165247
       8.534	0.165246
       8.535	0.165241
       8.536	0.165229
       8.537	0.165212
       8.538	0.165189
       8.539	0.165159
        8.54	0.165122
       8.541	0.165079
       8.542	0.165029
       8.543	0.164974
       8.544	0.164912
       8.545	0.164846
       8.546	0.164775
       8.547	0.1647
       8.548	0.164623
       8.549	0.164545
        8.55	0.164467
       8.551	0.164389
       8.552	0.164314
       8.553	0.164241
       8.554	0.164171
       8.555	0.164106
       8.556	0.164046
       8.557	0.163991
       8.558	0.163943
       8.559	0.1639
        8.56	0.163865
       8.561	0.163836
       8.562	0.163812
       8.563	0.163794
       8.564	0.163779
       8.565	0.163767
       8.566	0.163756
       8.567	0.163746
       8.568	0.163736
       8.569	0.163726
        8.57	0.163715
       8.571	0.163704
       8.572	0.163693
       8.573	0.163682
       8.574	0.163672
       8.575	0.163662
       8.576	0.163654
       8.577	0.163647
       8.578	0.163641
       8.579	0.163637
        8.58	0.163634
       8.581	0.163632
       8.582	0.163631
       8.583	0.163631
       8.584	0.163632
       8.585	0.163633
       8.586	0.163635
       8.587	0.163638
       8.588	0.16364
       8.589	0.163643
        8.59	0.163646
       8.591	0.163648
       8.592	0.16365
       8.593	0.16365
       8.594	0.163648
       8.595	0.163645
       8.596	0.163639
       8.597	0.16363
       8.598	0.163619
       8.599	0.163605
         8.6	0.163589
       8.601	0.16357
       8.602	0.163548
       8.603	0.163524
       8.604	0.163496
       8.605	0.163465
       8.606	0.163431
       8.607	0.163394
       8.608	0.163354
       8.609	0.163312
        8.61	0.163268
       8.611	0.163222
       8.612	0.163176
       8.613	0.163129
       8.614	0.163081
       8.615	0.163033
       8.616	0.162985
       8.617	0.162937
       8.618	0.162889
       8.619	0.162841
        8.62	0.162793
       8.621	0.162744
       8.622	0.162695
       8.623	0.162645
       8.624	0.162595
       8.625	0.162544
       8.626	0.162493
       8.627	0.162443
       8.628	0.162393
       8.629	0.162345
        8.63	0.162299
       8.631	0.162255
       8.632	0.162216
       8.633	0.16218
       8.634	0.162149
       8.635	0.162123
       8.636	0.162102
       8.637	0.162087
       8.638	0.162078
       8.639	0.162076
        8.64	0.16208
       8.641	0.162092
       8.642	0.162111
       8.643	0.162137
       8.644	0.162168
       8.645	0.162204
       8.646	0.162245
       8.647	0.162289
       8.648	0.162336
       8.649	0.162385
        8.65	0.162434
       8.651	0.162483
       8.652	0.162532
       8.653	0.162579
       8.654	0.162625
       8.655	0.162668
       8.656	0.16271
       8.657	0.162748
       8.658	0.162784
       8.659	0.162816
        8.66	0.162846
       8.661	0.162872
       8.662	0.162896
       8.663	0.162919
       8.664	0.16294
       8.665	0.162959
       8.666	0.162977
       8.667	0.162994
       8.668	0.16301
       8.669	0.163024
        8.67	0.163037
       8.671	0.163048
       8.672	0.163059
       8.673	0.16307
       8.674	0.163081
       8.675	0.163092
       8.676	0.163103
       8.677	0.163115
       8.678	0.163126
       8.679	0.163138
        8.68	0.163151
       8.681	0.163163
       8.682	0.163174
       8.683	0.163185
       8.684	0.163194
       8.685	0.163201
       8.686	0.163207
       8.687	0.163209
       8.688	0.163208
       8.689	0.163204
        8.69	0.163197
       8.691	0.163187
       8.692	0.163174
       8.693	0.163158
       8.694	0.16314
       8.695	0.163119
       8.696	0.163096
       8.697	0.163071
       8.698	0.163043
       8.699	0.163014
         8.7	0.162983
       8.701	0.16295
       8.702	0.162917
       8.703	0.162883
       8.704	0.162851
       8.705	0.16282
       8.706	0.162791
       8.707	0.162765
       8.708	0.162743
       8.709	0.162726
        8.71	0.162715
       8.711	0.162711
       8.712	0.162715
       8.713	0.162727
       8.714	0.162748
       8.715	0.162776
       8.716	0.162813
       8.717	0.162858
       8.718	0.16291
       8.719	0.162968
        8.72	0.163031
       8.721	0.163099
       8.722	0.16317
       8.723	0.163243
       8.724	0.163317
       8.725	0.163391
       8.726	0.163464
       8.727	0.163534
       8.728	0.1636
       8.729	0.163663
        8.73	0.163719
       8.731	0.16377
       8.732	0.163813
       8.733	0.163849
       8.734	0.163877
       8.735	0.163896
       8.736	0.163906
       8.737	0.163906
       8.738	0.163897
       8.739	0.163879
        8.74	0.163851
       8.741	0.163815
       8.742	0.163771
       8.743	0.16372
       8.744	0.163663
       8.745	0.163601
       8.746	0.163535
       8.747	0.163466
       8.748	0.163395
       8.749	0.163323
        8.75	0.16325
       8.751	0.163177
       8.752	0.163104
       8.753	0.163033
       8.754	0.162964
       8.755	0.162897
       8.756	0.162833
       8.757	0.162771
       8.758	0.162699
       8.759	0.162645
        8.76	0.162592
       8.761	0.162538
       8.762	0.162485
       8.763	0.162431
       8.764	0.162378
       8.765	0.162324
       8.766	0.162271
       8.767	0.162218
       8.768	0.162166
       8.769	0.162114
        8.77	0.162063
       8.771	0.162012
       8.772	0.161963
       8.773	0.161913
       8.774	0.161866
       8.775	0.161819
       8.776	0.161775
       8.777	0.161733
       8.778	0.161693
       8.779	0.161657
        8.78	0.161625
       8.781	0.161597
       8.782	0.161573
       8.783	0.161553
       8.784	0.161538
       8.785	0.161527
       8.786	0.16152
       8.787	0.161516
       8.788	0.161516
       8.789	0.16152
        8.79	0.161529
       8.791	0.161543
       8.792	0.161559
       8.793	0.16158
       8.794	0.161604
       8.795	0.161632
       8.796	0.161663
       8.797	0.161697
       8.798	0.161734
       8.799	0.161771
         8.8	0.16181
       8.801	0.161848
       8.802	0.161887
       8.803	0.161925
       8.804	0.161962
       8.805	0.161997
       8.806	0.162032
       8.807	0.162064
       8.808	0.162095
       8.809	0.162124
        8.81	0.162151
       8.811	0.162176
       8.812	0.162199
       8.813	0.162219
       8.814	0.162238
       8.815	0.162254
       8.816	0.162267
       8.817	0.162278
       8.818	0.162287
       8.819	0.162294
        8.82	0.162299
       8.821	0.162302
       8.822	0.162304
       8.823	0.162304
       8.824	0.162304
       8.825	0.162302
       8.826	0.1623
       8.827	0.162299
       8.828	0.162298
       8.829	0.162298
        8.83	0.162299
       8.831	0.1623
       8.832	0.162301
       8.833	0.162302
       8.834	0.162303
       8.835	0.162302
       8.836	0.162301
       8.837	0.162301
       8.838	0.162302
       8.839	0.162303
        8.84	0.162303
       8.841	0.162303
       8.842	0.162302
       8.843	0.1623
       8.844	0.162299
       8.845	0.162298
       8.846	0.162295
       8.847	0.162293
       8.848	0.162291
       8.849	0.162289
        8.85	0.162288
       8.851	0.162286
       8.852	0.162285
       8.853	0.162284
       8.854	0.162285
       8.855	0.162287
       8.856	0.162292
       8.857	0.162298
       8.858	0.162307
       8.859	0.162317
        8.86	0.162328
       8.861	0.162343
       8.862	0.162356
       8.863	0.162364
       8.864	0.162375
       8.865	0.162383
       8.866	0.16239
       8.867	0.162395
       8.868	0.162399
       8.869	0.162401
        8.87	0.1624
       8.871	0.162397
       8.872	0.162392
       8.873	0.162383
       8.874	0.162373
       8.875	0.162361
       8.876	0.162347
       8.877	0.162332
       8.878	0.162316
       8.879	0.162299
        8.88	0.162282
       8.881	0.162264
       8.882	0.162245
       8.883	0.162226
       8.884	0.162207
       8.885	0.162188
       8.886	0.162169
       8.887	0.16215
       8.888	0.162131
       8.889	0.162114
        8.89	0.162099
       8.891	0.162087
       8.892	0.162077
       8.893	0.16207
       8.894	0.162067
       8.895	0.162067
       8.896	0.16207
       8.897	0.162077
       8.898	0.162085
       8.899	0.162096
         8.9	0.162109
       8.901	0.162124
       8.902	0.162139
       8.903	0.162155
       8.904	0.162171
       8.905	0.162186
       8.906	0.162199
       8.907	0.16221
       8.908	0.162218
       8.909	0.162222
        8.91	0.162222
       8.911	0.162217
       8.912	0.162207
       8.913	0.162191
       8.914	0.162169
       8.915	0.162142
       8.916	0.162108
       8.917	0.162069
       8.918	0.162025
       8.919	0.161978
        8.92	0.161929
       8.921	0.161879
       8.922	0.161828
       8.923	0.161779
       8.924	0.161731
       8.925	0.161686
       8.926	0.161644
       8.927	0.161605
       8.928	0.161571
       8.929	0.161541
        8.93	0.161516
       8.931	0.161495
       8.932	0.16148
       8.933	0.16147
       8.934	0.161465
       8.935	0.161465
       8.936	0.161469
       8.937	0.161477
       8.938	0.161488
       8.939	0.161504
        8.94	0.161523
       8.941	0.161544
       8.942	0.161567
       8.943	0.161591
       8.944	0.161616
       8.945	0.16164
       8.946	0.161664
       8.947	0.161687
       8.948	0.161708
       8.949	0.161728
        8.95	0.161745
       8.951	0.161759
       8.952	0.16177
       8.953	0.161778
       8.954	0.161781
       8.955	0.16178
       8.956	0.161776
       8.957	0.161768
       8.958	0.161757
       8.959	0.161744
        8.96	0.16173
       8.961	0.161714
       8.962	0.161699
       8.963	0.161684
       8.964	0.161669
       8.965	0.161656
       8.966	0.161644
       8.967	0.161635
       8.968	0.161627
       8.969	0.161622
        8.97	0.16162
       8.971	0.16162
       8.972	0.161623
       8.973	0.161628
       8.974	0.161635
       8.975	0.161643
       8.976	0.161652
       8.977	0.161662
       8.978	0.161673
       8.979	0.161685
        8.98	0.161696
       8.981	0.161707
       8.982	0.161717
       8.983	0.161726
       8.984	0.161735
       8.985	0.161742
       8.986	0.161749
       8.987	0.161757
       8.988	0.161766
       8.989	0.161778
        8.99	0.161792
       8.991	0.161808
       8.992	0.161828
       8.993	0.161851
       8.994	0.161877
       8.995	0.161908
       8.996	0.161943
       8.997	0.161983
       8.998	0.162028
       8.999	0.162077
           9	0.162129

       8.001	0.17463
       8.002	0.175377
       8.003	0.173095
       8.004	0.168457
       8.005	0.163029
       8.006	0.158479
       8.007	0.155854
       8.008	0.155513
       8.009	0.157038
        8.01	0.159713
       8.011	0.162694
       8.012	0.165211
       8.013	0.166812
       8.014	0.167377
       8.015	0.167071
       8.016	0.166225
       8.017	0.165158
       8.018	0.16415
       8.019	0.163399
        8.02	0.162987
       8.021	0.162886
       8.022	0.163002
       8.023	0.163238
       8.024	0.163514
       8.025	0.16376
       8.026	0.163937
       8.027	0.164029
       8.028	0.164041
       8.029	0.163989
        8.03	0.163898
       8.031	0.163791
       8.032	0.163685
       8.033	0.163589
       8.034	0.163509
       8.035	0.163444
       8.036	0.163394
       8.037	0.163356
       8.038	0.163326
       8.039	0.163301
        8.04	0.163278
       8.041	0.163254
       8.042	0.163227
       8.043	0.163195
       8.044	0.163158
       8.045	0.163117
       8.046	0.163072
       8.047	0.163025
       8.048	0.162977
       8.049	0.162929
        8.05	0.162884
       8.051	0.162842
       8.052	0.162803
       8.053	0.162769
       8.054	0.16274
       8.055	0.162717
       8.056	0.1627
       8.057	0.162689
       8.058	0.162682
       8.059	0.162679
        8.06	0.16268
       8.061	0.162684
       8.062	0.162689
       8.063	0.162697
       8.064	0.162706
       8.065	0.162717
       8.066	0.162729
       8.067	0.162742
       8.068	0.162755
       8.069	0.162769
        8.07	0.162783
       8.071	0.162797
       8.072	0.162811
       8.073	0.162825
       8.074	0.16284
       8.075	0.162857
       8.076	0.162875
       8.077	0.162896
       8.078	0.162919
       8.079	0.162946
        8.08	0.162977
       8.081	0.163012
       8.082	0.163051
       8.083	0.163093
       8.084	0.163139
       8.085	0.163189
       8.086	0.163241
       8.087	0.163296
       8.088	0.163352
       8.089	0.16341
        8.09	0.163468
       8.091	0.163526
       8.092	0.163583
       8.093	0.16364
       8.094	0.163695
       8.095	0.16375
       8.096	0.163803
       8.097	0.163853
       8.098	0.163902
       8.099	0.163948
         8.1	0.163991
       8.101	0.16403
       8.102	0.164065
       8.103	0.164095
       8.104	0.164121
       8.105	0.164142
       8.106	0.164159
       8.107	0.164169
       8.108	0.164175
       8.109	0.164175
        8.11	0.16417
       8.111	0.16416
       8.112	0.164144
       8.113	0.164123
       8.114	0.164096
       8.115	0.164065
       8.116	0.16403
       8.117	0.163991
       8.118	0.163948
       8.119	0.163903
        8.12	0.163856
       8.121	0.163808
       8.122	0.163759
       8.123	0.163709
       8.124	0.163661
       8.125	0.163613
       8.126	0.163567
       8.127	0.163524
       8.128	0.163484
       8.129	0.163447
        8.13	0.163416
       8.131	0.163388
       8.132	0.163366
       8.133	0.163349
       8.134	0.163337
       8.135	0.163331
       8.136	0.163329
       8.137	0.163333
       8.138	0.163342
       8.139	0.163356
        8.14	0.163374
       8.141	0.163397
       8.142	0.163424
       8.143	0.163454
       8.144	0.163488
       8.145	0.163525
       8.146	0.163563
       8.147	0.163601
       8.148	0.163641
       8.149	0.163681
        8.15	0.163722
       8.151	0.163764
       8.152	0.163806
       8.153	0.163848
       8.154	0.163889
       8.155	0.163928
       8.156	0.163965
       8.157	0.163999
       8.158	0.16403
       8.159	0.164056
        8.16	0.164078
       8.161	0.164094
       8.162	0.164106
       8.163	0.164113
       8.164	0.164115
       8.165	0.164111
       8.166	0.164103
       8.167	0.164089
       8.168	0.164069
       8.169	0.164044
        8.17	0.164015
       8.171	0.163982
       8.172	0.163945
       8.173	0.163907
       8.174	0.163867
       8.175	0.163826
       8.176	0.163786
       8.177	0.163746
       8.178	0.163708
       8.179	0.163672
        8.18	0.163638
       8.181	0.163608
       8.182	0.163581
       8.183	0.163557
       8.184	0.163539
       8.185	0.163524
       8.186	0.163515
       8.187	0.16351
       8.188	0.163509
       8.189	0.163511
        8.19	0.163517
       8.191	0.163526
       8.192	0.163536
       8.193	0.163548
       8.194	0.163561
       8.195	0.163575
       8.196	0.163588
       8.197	0.163601
       8.198	0.163612
       8.199	0.163622
         8.2	0.16363
       8.201	0.163636
       8.202	0.16364
       8.203	0.163641
       8.204	0.163639
       8.205	0.163634
       8.206	0.163625
       8.207	0.163614
       8.208	0.163599
       8.209	0.163582
        8.21	0.163561
       8.211	0.163538
       8.212	0.163513
       8.213	0.163486
       8.214	0.163456
       8.215	0.163424
       8.216	0.163391
       8.217	0.163354
       8.218	0.163315
       8.219	0.163275
        8.22	0.163237
       8.221	0.163199
       8.222	0.163162
       8.223	0.163125
       8.224	0.163089
       8.225	0.163054
       8.226	0.163019
       8.227	0.162985
       8.228	0.162954
       8.229	0.162925
        8.23	0.162899
       8.231	0.162876
       8.232	0.162858
       8.233	0.162845
       8.234	0.162836
       8.235	0.162833
       8.236	0.162834
       8.237	0.16284
       8.238	0.162851
       8.239	0.162867
        8.24	0.162887
       8.241	0.162911
       8.242	0.162939
       8.243	0.162972
       8.244	0.163008
       8.245	0.163049
       8.246	0.163093
       8.247	0.163139
       8.248	0.163188
       8.249	0.163237
        8.25	0.163288
       8.251	0.163338
       8.252	0.163389
       8.253	0.163439
       8.254	0.16349
       8.255	0.163541
       8.256	0.163591
       8.257	0.163641
       8.258	0.16369
       8.259	0.163737
        8.26	0.163784
       8.261	0.163827
       8.262	0.163867
       8.263	0.163903
       8.264	0.163936
       8.265	0.163967
       8.266	0.163995
       8.267	0.164021
       8.268	0.164044
       8.269	0.164065
        8.27	0.164084
       8.271	0.164104
       8.272	0.164119
       8.273	0.164129
       8.274	0.164135
       8.275	0.164139
       8.276	0.16414
       8.277	0.16414
       8.278	0.164139
       8.279	0.164138
        8.28	0.164137
       8.281	0.164138
       8.282	0.164139
       8.283	0.164141
       8.284	0.164142
       8.285	0.164144
       8.286	0.164145
       8.287	0.164148
       8.288	0.164152
       8.289	0.164157
        8.29	0.164164
       8.291	0.164173
       8.292	0.164184
       8.293	0.164198
       8.294	0.164215
       8.295	0.164234
       8.296	0.164255
       8.297	0.164277
       8.298	0.1643
       8.299	0.164323
         8.3	0.164349
       8.301	0.164377
       8.302	0.164405
       8.303	0.164432
       8.304	0.164457
       8.305	0.164482
       8.306	0.164505
       8.307	0.164526
       8.308	0.164547
       8.309	0.164566
        8.31	0.164584
       8.311	0.164599
       8.312	0.164613
       8.313	0.164623
       8.314	0.164632
       8.315	0.164638
       8.316	0.164642
       8.317	0.164642
       8.318	0.16464
       8.319	0.164633
        8.32	0.164623
       8.321	0.164608
       8.322	0.164589
       8.323	0.164565
       8.324	0.164538
       8.325	0.164506
       8.326	0.16447
       8.327	0.164429
       8.328	0.164386
       8.329	0.164338
        8.33	0.164288
       8.331	0.164236
       8.332	0.164183
       8.333	0.164128
       8.334	0.164075
       8.335	0.164023
       8.336	0.163974
       8.337	0.163929
       8.338	0.163889
       8.339	0.163855
        8.34	0.163829
       8.341	0.163809
       8.342	0.163795
       8.343	0.163789
       8.344	0.163789
       8.345	0.163794
       8.346	0.163803
       8.347	0.163816
       8.348	0.163833
       8.349	0.163853
        8.35	0.163877
       8.351	0.163903
       8.352	0.163932
       8.353	0.163964
       8.354	0.163998
       8.355	0.164032
       8.356	0.164067
       8.357	0.164102
       8.358	0.164137
       8.359	0.16417
        8.36	0.164203
       8.361	0.164235
       8.362	0.164267
       8.363	0.1643
       8.364	0.164332
       8.365	0.164362
       8.366	0.164392
       8.367	0.16442
       8.368	0.164446
       8.369	0.164471
        8.37	0.164493
       8.371	0.164513
       8.372	0.164531
       8.373	0.164547
       8.374	0.164561
       8.375	0.164573
       8.376	0.164583
       8.377	0.164591
       8.378	0.164597
       8.379	0.164603
        8.38	0.164607
       8.381	0.16461
       8.382	0.164612
       8.383	0.164613
       8.384	0.164612
       8.385	0.16461
       8.386	0.164609
       8.387	0.164609
       8.388	0.16461
       8.389	0.164612
        8.39	0.164615
       8.391	0.164619
       8.392	0.164624
       8.393	0.164631
       8.394	0.164639
       8.395	0.164648
       8.396	0.164658
       8.397	0.164668
       8.398	0.164678
       8.399	0.164689
         8.4	0.164699
       8.401	0.164709
       8.402	0.164717
       8.403	0.164725
       8.404	0.16473
       8.405	0.164734
       8.406	0.164735
       8.407	0.164733
       8.408	0.164728
       8.409	0.164719
        8.41	0.164707
       8.411	0.164691
       8.412	0.164672
       8.413	0.164649
       8.414	0.164623
       8.415	0.164593
       8.416	0.16456
       8.417	0.164526
       8.418	0.164491
       8.419	0.164455
        8.42	0.164419
       8.421	0.164385
       8.422	0.164351
       8.423	0.16432
       8.424	0.164292
       8.425	0.164268
       8.426	0.164248
       8.427	0.164232
       8.428	0.164221
       8.429	0.164214
        8.43	0.164212
       8.431	0.164213
       8.432	0.164219
       8.433	0.164229
       8.434	0.164244
       8.435	0.164262
       8.436	0.164284
       8.437	0.164308
       8.438	0.164336
       8.439	0.164368
        8.44	0.164401
       8.441	0.164436
       8.442	0.164472
       8.443	0.164509
       8.444	0.164546
       8.445	0.164583
       8.446	0.164619
       8.447	0.164653
       8.448	0.164685
       8.449	0.164715
        8.45	0.164743
       8.451	0.16477
       8.452	0.164794
       8.453	0.164816
       8.454	0.164834
       8.455	0.164849
       8.456	0.16486
       8.457	0.164867
       8.458	0.164869
       8.459	0.164866
        8.46	0.164859
       8.461	0.164848
       8.462	0.164832
       8.463	0.164813
       8.464	0.164795
       8.465	0.164774
       8.466	0.164751
       8.467	0.164725
       8.468	0.164697
       8.469	0.164666
        8.47	0.164635
       8.471	0.164605
       8.472	0.164576
       8.473	0.16455
       8.474	0.164526
       8.475	0.164503
       8.476	0.164483
       8.477	0.164465
       8.478	0.164449
       8.479	0.164435
        8.48	0.164424
       8.481	0.164414
       8.482	0.164407
       8.483	0.164402
       8.484	0.164399
       8.485	0.164397
       8.486	0.164397
       8.487	0.164398
       8.488	0.1644
       8.489	0.164402
        8.49	0.164404
       8.491	0.164407
       8.492	0.16441
       8.493	0.164412
       8.494	0.164415
       8.495	0.164418
       8.496	0.164422
       8.497	0.164425
       8.498	0.164428
       8.499	0.164431
         8.5	0.164434
       8.501	0.164437
       8.502	0.16444
       8.503	0.164443
       8.504	0.164446
       8.505	0.164449
       8.506	0.164451
       8.507	0.164453
       8.508	0.164456
       8.509	0.164459
        8.51	0.164464
       8.511	0.16447
       8.512	0.164478
       8.513	0.164488
       8.514	0.1645
       8.515	0.164514
       8.516	0.164531
       8.517	0.16455
       8.518	0.164571
       8.519	0.164595
        8.52	0.164619
       8.521	0.164646
       8.522	0.164673
       8.523	0.164701
       8.524	0.16473
       8.525	0.164759
       8.526	0.164788
       8.527	0.164818
       8.528	0.164847
       8.529	0.164876
        8.53	0.164904
       8.531	0.164932
       8.532	0.164959
       8.533	0.164985
       8.534	0.165009
       8.535	0.165031
       8.536	0.165051
       8.537	0.16507
       8.538	0.165086
       8.539	0.165101
        8.54	0.165113
       8.541	0.165123
       8.542	0.165131
       8.543	0.165137
       8.544	0.165141
       8.545	0.165144
       8.546	0.165145
       8.547	0.165144
       8.548	0.165142
       8.549	0.16514
        8.55	0.165138
       8.551	0.165135
       8.552	0.165132
       8.553	0.16513
       8.554	0.165127
       8.555	0.165125
       8.556	0.165121
       8.557	0.165118
       8.558	0.165113
       8.559	0.165107
        8.56	0.1651
       8.561	0.165091
       8.562	0.165081
       8.563	0.165069
       8.564	0.165055
       8.565	0.165039
       8.566	0.165019
       8.567	0.164997
       8.568	0.164972
       8.569	0.164946
        8.57	0.164917
       8.571	0.164885
       8.572	0.164852
       8.573	0.164818
       8.574	0.164783
       8.575	0.164749
       8.576	0.164714
       8.577	0.164679
       8.578	0.164644
       8.579	0.164609
        8.58	0.164575
       8.581	0.164543
       8.582	0.164512
       8.583	0.164483
       8.584	0.164457
       8.585	0.164434
       8.586	0.164413
       8.587	0.164394
       8.588	0.164378
       8.589	0.164365
        8.59	0.164354
       8.591	0.164345
       8.592	0.164338
       8.593	0.164333
       8.594	0.164329
       8.595	0.164326
       8.596	0.164324
       8.597	0.164325
       8.598	0.164329
       8.599	0.164333
         8.6	0.164338
       8.601	0.164343
       8.602	0.164349
       8.603	0.164356
       8.604	0.164364
       8.605	0.164374
       8.606	0.164387
       8.607	0.164402
       8.608	0.164419
       8.609	0.164438
        8.61	0.164457
       8.611	0.164478
       8.612	0.164499
       8.613	0.164519
       8.614	0.164539
       8.615	0.164559
       8.616	0.164579
       8.617	0.164598
       8.618	0.164617
       8.619	0.164636
        8.62	0.164655
       8.621	0.164674
       8.622	0.164693
       8.623	0.164712
       8.624	0.164732
       8.625	0.164752
       8.626	0.164772
       8.627	0.164794
       8.628	0.164816
       8.629	0.164838
        8.63	0.164861
       8.631	0.164884
       8.632	0.164908
       8.633	0.164932
       8.634	0.164956
       8.635	0.164979
       8.636	0.165003
       8.637	0.165025
       8.638	0.165047
       8.639	0.165067
        8.64	0.165086
       8.641	0.165103
       8.642	0.165118
       8.643	0.165131
       8.644	0.165141
       8.645	0.165149
       8.646	0.165153
       8.647	0.165154
       8.648	0.165151
       8.649	0.165145
        8.65	0.165134
       8.651	0.16512
       8.652	0.165103
       8.653	0.165082
       8.654	0.165058
       8.655	0.165029
       8.656	0.164998
       8.657	0.164963
       8.658	0.164924
       8.659	0.164883
        8.66	0.164839
       8.661	0.164793
       8.662	0.164745
       8.663	0.164696
       8.664	0.164646
       8.665	0.164595
       8.666	0.164544
       8.667	0.164495
       8.668	0.164447
       8.669	0.164401
        8.67	0.164358
       8.671	0.164319
       8.672	0.164284
       8.673	0.164254
       8.674	0.164228
       8.675	0.164207
       8.676	0.164192
       8.677	0.164184
       8.678	0.16418
       8.679	0.164182
        8.68	0.164187
       8.681	0.164197
       8.682	0.16421
       8.683	0.164227
       8.684	0.164247
       8.685	0.164271
       8.686	0.164298
       8.687	0.164327
       8.688	0.164359
       8.689	0.164391
        8.69	0.164426
       8.691	0.164461
       8.692	0.164498
       8.693	0.164535
       8.694	0.164574
       8.695	0.164613
       8.696	0.164653
       8.697	0.164693
       8.698	0.164732
       8.699	0.16477
         8.7	0.164807
       8.701	0.164841
       8.702	0.164873
       8.703	0.164903
       8.704	0.164929
       8.705	0.164952
       8.706	0.164972
       8.707	0.164989
       8.708	0.165003
       8.709	0.165013
        8.71	0.165019
       8.711	0.165022
       8.712	0.165021
       8.713	0.165017
       8.714	0.165011
       8.715	0.165001
       8.716	0.164989
       8.717	0.164975
       8.718	0.16496
       8.719	0.164942
        8.72	0.164924
       8.721	0.164905
       8.722	0.164885
       8.723	0.164866
       8.724	0.164848
       8.725	0.16483
       8.726	0.164812
       8.727	0.164795
       8.728	0.164779
       8.729	0.164764
        8.73	0.164751
       8.731	0.164741
       8.732	0.164732
       8.733	0.164725
       8.734	0.164719
       8.735	0.164714
       8.736	0.164711
       8.737	0.164708
       8.738	0.164707
       8.739	0.164705
        8.74	0.164701
       8.741	0.164697
       8.742	0.16469
       8.743	0.164681
       8.744	0.164671
       8.745	0.164657
       8.746	0.164642
       8.747	0.164624
       8.748	0.164604
       8.749	0.164581
        8.75	0.164556
       8.751	0.164529
       8.752	0.1645
       8.753	0.16447
       8.754	0.164439
       8.755	0.164407
       8.756	0.164376
       8.757	0.164346
       8.758	0.164317
       8.759	0.16429
        8.76	0.164267
       8.761	0.164248
       8.762	0.164232
       8.763	0.16422
       8.764	0.164212
       8.765	0.164208
       8.766	0.164208
       8.767	0.164211
       8.768	0.164218
       8.769	0.164228
        8.77	0.16424
       8.771	0.164254
       8.772	0.16427
       8.773	0.164287
       8.774	0.164306
       8.775	0.164326
       8.776	0.164348
       8.777	0.164372
       8.778	0.164397
       8.779	0.164425
        8.78	0.164454
       8.781	0.164485
       8.782	0.164518
       8.783	0.164552
       8.784	0.164587
       8.785	0.164624
       8.786	0.164662
       8.787	0.1647
       8.788	0.164737
       8.789	0.164773
        8.79	0.164808
       8.791	0.164842
       8.792	0.164876
       8.793	0.164909
       8.794	0.164942
       8.795	0.164973
       8.796	0.165004
       8.797	0.165033
       8.798	0.165059
       8.799	0.165083
         8.8	0.165104
       8.801	0.165123
       8.802	0.165138
       8.803	0.165149
       8.804	0.165159
       8.805	0.165166
       8.806	0.16517
       8.807	0.165172
       8.808	0.165172
       8.809	0.165169
        8.81	0.165166
       8.811	0.165161
       8.812	0.165156
       8.813	0.165151
       8.814	0.165146
       8.815	0.16514
       8.816	0.165135
       8.817	0.165129
       8.818	0.165124
       8.819	0.165118
        8.82	0.165113
       8.821	0.165107
       8.822	0.165102
       8.823	0.165096
       8.824	0.16509
       8.825	0.165083
       8.826	0.165076
       8.827	0.165068
       8.828	0.165058
       8.829	0.165048
        8.83	0.165036
       8.831	0.165022
       8.832	0.165007
       8.833	0.164989
       8.834	0.16497
       8.835	0.164949
       8.836	0.164927
       8.837	0.164901
       8.838	0.164873
       8.839	0.164844
        8.84	0.164813
       8.841	0.164782
       8.842	0.16475
       8.843	0.164718
       8.844	0.164686
       8.845	0.164654
       8.846	0.164622
       8.847	0.164591
       8.848	0.164561
       8.849	0.164533
        8.85	0.164507
       8.851	0.164482
       8.852	0.164459
       8.853	0.164437
       8.854	0.164418
       8.855	0.164401
       8.856	0.164387
       8.857	0.164374
       8.858	0.164363
       8.859	0.164354
        8.86	0.164346
       8.861	0.16434
       8.862	0.164335
       8.863	0.164332
       8.864	0.164329
       8.865	0.164327
       8.866	0.164326
       8.867	0.164325
       8.868	0.164325
       8.869	0.164328
        8.87	0.164335
       8.871	0.164342
       8.872	0.164349
       8.873	0.164355
       8.874	0.164362
       8.875	0.164369
       8.876	0.164377
       8.877	0.164388
       8.878	0.1644
       8.879	0.164416
        8.88	0.164434
       8.881	0.164454
       8.882	0.164476
       8.883	0.1645
       8.884	0.164526
       8.885	0.164553
       8.886	0.164582
       8.887	0.164611
       8.888	0.164641
       8.889	0.164672
        8.89	0.164704
       8.891	0.164736
       8.892	0.164768
       8.893	0.1648
       8.894	0.164832
       8.895	0.164863
       8.896	0.164894
       8.897	0.164923
       8.898	0.164952
       8.899	0.164979
         8.9	0.165006
       8.901	0.165031
       8.902	0.165054
       8.903	0.165076
       8.904	0.165095
       8.905	0.165113
       8.906	0.165128
       8.907	0.165141
       8.908	0.165153
       8.909	0.165162
        8.91	0.16517
       8.911	0.165176
       8.912	0.165181
       8.913	0.165183
       8.914	0.165184
       8.915	0.165182
       8.916	0.165177
       8.917	0.16517
       8.918	0.165159
       8.919	0.165145
        8.92	0.165127
       8.921	0.165106
       8.922	0.165081
       8.923	0.165052
       8.924	0.165019
       8.925	0.164983
       8.926	0.164942
       8.927	0.164899
       8.928	0.164853
       8.929	0.164804
        8.93	0.164753
       8.931	0.1647
       8.932	0.164647
       8.933	0.164595
       8.934	0.164544
       8.935	0.164495
       8.936	0.16445
       8.937	0.164407
       8.938	0.16437
       8.939	0.164337
        8.94	0.164311
       8.941	0.164291
       8.942	0.164277
       8.943	0.164268
       8.944	0.164264
       8.945	0.164265
       8.946	0.164271
       8.947	0.164282
       8.948	0.164299
       8.949	0.164319
        8.95	0.164344
       8.951	0.164371
       8.952	0.164401
       8.953	0.164432
       8.954	0.164465
       8.955	0.164498
       8.956	0.164532
       8.957	0.164566
       8.958	0.164601
       8.959	0.164636
        8.96	0.164672
       8.961	0.164707
       8.962	0.164742
       8.963	0.164776
       8.964	0.164808
       8.965	0.164839
       8.966	0.164867
       8.967	0.164892
       8.968	0.164916
       8.969	0.164936
        8.97	0.164954
       8.971	0.164969
       8.972	0.164982
       8.973	0.164991
       8.974	0.164998
       8.975	0.165002
       8.976	0.165003
       8.977	0.165001
       8.978	0.164996
       8.979	0.164988
        8.98	0.164978
       8.981	0.164965
       8.982	0.16495
       8.983	0.164936
       8.984	0.164921
       8.985	0.164904
       8.986	0.164887
       8.987	0.164868
       8.988	0.164848
       8.989	0.164829
        8.99	0.164811
       8.991	0.164794
       8.992	0.164779
       8.993	0.164766
       8.994	0.164754
       8.995	0.164744
       8.996	0.164735
       8.997	0.164727
       8.998	0.164721
       8.999	0.164715
           9	0.16471

       8.001	0.174734
       8.002	0.175691
       8.003	0.174017
       8.004	0.17036
       8.005	0.166017
       8.006	0.16228
       8.007	0.160027
       8.008	0.159552
       8.009	0.160558
        8.01	0.162493
       8.011	0.164693
       8.012	0.166569
       8.013	0.16777
       8.014	0.168204
       8.015	0.167986
       8.016	0.167358
       8.017	0.166561
       8.018	0.165809
       8.019	0.165249
        8.02	0.164941
       8.021	0.164865
       8.022	0.164954
       8.023	0.165116
       8.024	0.165318
       8.025	0.165512
       8.026	0.165667
       8.027	0.165787
       8.028	0.165826
       8.029	0.165822
        8.03	0.165791
       8.031	0.165748
       8.032	0.165704
       8.033	0.16567
       8.034	0.16565
       8.035	0.165646
       8.036	0.165661
       8.037	0.165692
       8.038	0.165734
       8.039	0.165784
        8.04	0.165826
       8.041	0.165884
       8.042	0.165927
       8.043	0.165983
       8.044	0.166019
       8.045	0.166064
       8.046	0.166092
       8.047	0.166126
       8.048	0.166147
       8.049	0.166175
        8.05	0.166193
       8.051	0.166219
       8.052	0.166244
       8.053	0.166261
       8.054	0.166284
       8.055	0.1663
       8.056	0.16632
       8.057	0.166334
       8.058	0.166346
       8.059	0.166357
        8.06	0.166367
       8.061	0.166375
       8.062	0.166382
       8.063	0.166389
       8.064	0.166394
       8.065	0.166399
       8.066	0.166408
       8.067	0.166419
       8.068	0.166431
       8.069	0.166439
        8.07	0.166449
       8.071	0.166457
       8.072	0.166464
       8.073	0.166472
       8.074	0.166481
       8.075	0.166491
       8.076	0.166502
       8.077	0.166514
       8.078	0.166525
       8.079	0.166536
        8.08	0.166547
       8.081	0.166558
       8.082	0.166568
       8.083	0.166579
       8.084	0.16659
       8.085	0.166602
       8.086	0.166614
       8.087	0.16663
       8.088	0.166644
       8.089	0.166658
        8.09	0.166673
       8.091	0.166689
       8.092	0.166705
       8.093	0.166721
       8.094	0.166736
       8.095	0.16675
       8.096	0.166764
       8.097	0.166775
       8.098	0.166784
       8.099	0.16679
         8.1	0.166793
       8.101	0.166792
       8.102	0.166788
       8.103	0.16678
       8.104	0.166768
       8.105	0.166754
       8.106	0.166736
       8.107	0.166715
       8.108	0.166691
       8.109	0.166665
        8.11	0.166636
       8.111	0.166603
       8.112	0.166567
       8.113	0.166528
       8.114	0.166488
       8.115	0.166448
       8.116	0.166409
       8.117	0.166371
       8.118	0.166334
       8.119	0.1663
        8.12	0.166268
       8.121	0.166238
       8.122	0.166212
       8.123	0.166188
       8.124	0.166167
       8.125	0.166149
       8.126	0.166134
       8.127	0.16612
       8.128	0.166109
       8.129	0.166099
        8.13	0.166091
       8.131	0.166084
       8.132	0.166081
       8.133	0.166078
       8.134	0.166074
       8.135	0.166076
       8.136	0.166079
       8.137	0.166083
       8.138	0.166087
       8.139	0.166088
        8.14	0.166093
       8.141	0.166097
       8.142	0.166102
       8.143	0.166109
       8.144	0.166119
       8.145	0.16613
       8.146	0.166142
       8.147	0.166156
       8.148	0.16617
       8.149	0.166184
        8.15	0.166199
       8.151	0.166215
       8.152	0.166231
       8.153	0.166248
       8.154	0.166264
       8.155	0.166282
       8.156	0.166299
       8.157	0.166317
       8.158	0.166336
       8.159	0.166355
        8.16	0.166375
       8.161	0.166395
       8.162	0.166415
       8.163	0.166436
       8.164	0.166458
       8.165	0.16648
       8.166	0.166502
       8.167	0.166524
       8.168	0.166547
       8.169	0.166571
        8.17	0.166595
       8.171	0.166618
       8.172	0.166643
       8.173	0.166667
       8.174	0.16669
       8.175	0.166713
       8.176	0.166734
       8.177	0.166755
       8.178	0.166773
       8.179	0.166789
        8.18	0.166802
       8.181	0.166813
       8.182	0.16682
       8.183	0.166824
       8.184	0.166824
       8.185	0.166821
       8.186	0.166816
       8.187	0.166806
       8.188	0.166793
       8.189	0.166777
        8.19	0.166757
       8.191	0.166733
       8.192	0.166704
       8.193	0.166672
       8.194	0.166634
       8.195	0.166592
       8.196	0.166547
       8.197	0.166499
       8.198	0.166449
       8.199	0.166397
         8.2	0.166344
       8.201	0.16629
       8.202	0.166235
       8.203	0.166181
       8.204	0.166128
       8.205	0.166076
       8.206	0.166026
       8.207	0.165979
       8.208	0.165937
       8.209	0.165898
        8.21	0.165861
       8.211	0.165824
       8.212	0.165794
       8.213	0.165768
       8.214	0.165745
       8.215	0.165728
       8.216	0.165715
       8.217	0.165708
       8.218	0.165708
       8.219	0.165708
        8.22	0.165717
       8.221	0.165723
       8.222	0.165732
       8.223	0.16575
       8.224	0.165762
       8.225	0.165781
       8.226	0.1658
       8.227	0.165818
       8.228	0.165835
       8.229	0.165852
        8.23	0.165869
       8.231	0.165887
       8.232	0.165906
       8.233	0.165926
       8.234	0.165943
       8.235	0.165961
       8.236	0.165981
       8.237	0.166002
       8.238	0.166024
       8.239	0.166046
        8.24	0.166068
       8.241	0.166089
       8.242	0.16611
       8.243	0.16613
       8.244	0.16615
       8.245	0.166171
       8.246	0.166192
       8.247	0.166214
       8.248	0.166238
       8.249	0.166263
        8.25	0.16629
       8.251	0.166318
       8.252	0.166347
       8.253	0.16638
       8.254	0.166415
       8.255	0.166449
       8.256	0.166481
       8.257	0.16651
       8.258	0.166536
       8.259	0.16656
        8.26	0.16658
       8.261	0.166598
       8.262	0.166612
       8.263	0.166624
       8.264	0.166633
       8.265	0.166641
       8.266	0.166645
       8.267	0.166644
       8.268	0.16664
       8.269	0.166632
        8.27	0.166623
       8.271	0.166612
       8.272	0.166598
       8.273	0.166581
       8.274	0.166559
       8.275	0.166532
       8.276	0.166501
       8.277	0.166464
       8.278	0.166424
       8.279	0.166378
        8.28	0.16633
       8.281	0.166278
       8.282	0.166224
       8.283	0.166169
       8.284	0.166113
       8.285	0.166056
       8.286	0.166
       8.287	0.165944
       8.288	0.165891
       8.289	0.165839
        8.29	0.16579
       8.291	0.165745
       8.292	0.165705
       8.293	0.165669
       8.294	0.165639
       8.295	0.165612
       8.296	0.16559
       8.297	0.165575
       8.298	0.165567
       8.299	0.165566
         8.3	0.165571
       8.301	0.165583
       8.302	0.165601
       8.303	0.165624
       8.304	0.165651
       8.305	0.165682
       8.306	0.165717
       8.307	0.165756
       8.308	0.165798
       8.309	0.165842
        8.31	0.165888
       8.311	0.165935
       8.312	0.165981
       8.313	0.166027
       8.314	0.166071
       8.315	0.166114
       8.316	0.166154
       8.317	0.166192
       8.318	0.166228
       8.319	0.166262
        8.32	0.166293
       8.321	0.166321
       8.322	0.166347
       8.323	0.166368
       8.324	0.16638
       8.325	0.166395
       8.326	0.166405
       8.327	0.166416
       8.328	0.166426
       8.329	0.166437
        8.33	0.166447
       8.331	0.166455
       8.332	0.166463
       8.333	0.166469
       8.334	0.166474
       8.335	0.166479
       8.336	0.166484
       8.337	0.166489
       8.338	0.166496
       8.339	0.166505
        8.34	0.166517
       8.341	0.16653
       8.342	0.166545
       8.343	0.166561
       8.344	0.166577
       8.345	0.166595
       8.346	0.166614
       8.347	0.166634
       8.348	0.166655
       8.349	0.166677
        8.35	0.166701
       8.351	0.166724
       8.352	0.166747
       8.353	0.166772
       8.354	0.166795
       8.355	0.166815
       8.356	0.166834
       8.357	0.166851
       8.358	0.166867
       8.359	0.16688
        8.36	0.166891
       8.361	0.166899
       8.362	0.166905
       8.363	0.166908
       8.364	0.166908
       8.365	0.166904
       8.366	0.166897
       8.367	0.166886
       8.368	0.166872
       8.369	0.166854
        8.37	0.166831
       8.371	0.166805
       8.372	0.166776
       8.373	0.166744
       8.374	0.16671
       8.375	0.166673
       8.376	0.166634
       8.377	0.166592
       8.378	0.166549
       8.379	0.166503
        8.38	0.166456
       8.381	0.166408
       8.382	0.166358
       8.383	0.166308
       8.384	0.166259
       8.385	0.166209
       8.386	0.166162
       8.387	0.166116
       8.388	0.166072
       8.389	0.166032
        8.39	0.165995
       8.391	0.165963
       8.392	0.165936
       8.393	0.165914
       8.394	0.165898
       8.395	0.165888
       8.396	0.165883
       8.397	0.165882
       8.398	0.165886
       8.399	0.165895
         8.4	0.165908
       8.401	0.165925
       8.402	0.165946
       8.403	0.16597
       8.404	0.165997
       8.405	0.166025
       8.406	0.166055
       8.407	0.166087
       8.408	0.166119
       8.409	0.166152
        8.41	0.166185
       8.411	0.166218
       8.412	0.166246
       8.413	0.16628
       8.414	0.166308
       8.415	0.166337
       8.416	0.166366
       8.417	0.166395
       8.418	0.166422
       8.419	0.166447
        8.42	0.16647
       8.421	0.16649
       8.422	0.166507
       8.423	0.16652
       8.424	0.16653
       8.425	0.166537
       8.426	0.166541
       8.427	0.166544
       8.428	0.166546
       8.429	0.166546
        8.43	0.166548
       8.431	0.16655
       8.432	0.166553
       8.433	0.166555
       8.434	0.166564
       8.435	0.166573
       8.436	0.166586
       8.437	0.166602
       8.438	0.166621
       8.439	0.166643
        8.44	0.166668
       8.441	0.166694
       8.442	0.166722
       8.443	0.16675
       8.444	0.166779
       8.445	0.166808
       8.446	0.166835
       8.447	0.16686
       8.448	0.166883
       8.449	0.166904
        8.45	0.166922
       8.451	0.166937
       8.452	0.166947
       8.453	0.166953
       8.454	0.166955
       8.455	0.166954
       8.456	0.16695
       8.457	0.166943
       8.458	0.166934
       8.459	0.166922
        8.46	0.166907
       8.461	0.166888
       8.462	0.166867
       8.463	0.166843
       8.464	0.166815
       8.465	0.166785
       8.466	0.166752
       8.467	0.166715
       8.468	0.166675
       8.469	0.166635
        8.47	0.166593
       8.471	0.16655
       8.472	0.166506
       8.473	0.166463
       8.474	0.16642
       8.475	0.166379
       8.476	0.166341
       8.477	0.166303
       8.478	0.166267
       8.479	0.166232
        8.48	0.1662
       8.481	0.166171
       8.482	0.166145
       8.483	0.166125
       8.484	0.166108
       8.485	0.166099
       8.486	0.166092
       8.487	0.166089
       8.488	0.166091
       8.489	0.166097
        8.49	0.166108
       8.491	0.166122
       8.492	0.166139
       8.493	0.16616
       8.494	0.166182
       8.495	0.166207
       8.496	0.166234
       8.497	0.166263
       8.498	0.166293
       8.499	0.166325
         8.5	0.166357
       8.501	0.16639
       8.502	0.166422
       8.503	0.166453
       8.504	0.166484
       8.505	0.166514
       8.506	0.166542
       8.507	0.166569
       8.508	0.166593
       8.509	0.166614
        8.51	0.166633
       8.511	0.166648
       8.512	0.166661
       8.513	0.166671
       8.514	0.166681
       8.515	0.166691
       8.516	0.166698
       8.517	0.166703
       8.518	0.166705
       8.519	0.166705
        8.52	0.166702
       8.521	0.166697
       8.522	0.166692
       8.523	0.166687
       8.524	0.166684
       8.525	0.166681
       8.526	0.166679
       8.527	0.166677
       8.528	0.166675
       8.529	0.166673
        8.53	0.166673
       8.531	0.166672
       8.532	0.166673
       8.533	0.166676
       8.534	0.16668
       8.535	0.166686
       8.536	0.166694
       8.537	0.166704
       8.538	0.166715
       8.539	0.166726
        8.54	0.166739
       8.541	0.166753
       8.542	0.166766
       8.543	0.166778
       8.544	0.166788
       8.545	0.166798
       8.546	0.166806
       8.547	0.166812
       8.548	0.166815
       8.549	0.166815
        8.55	0.166813
       8.551	0.166806
       8.552	0.166797
       8.553	0.166783
       8.554	0.166765
       8.555	0.166743
       8.556	0.166717
       8.557	0.166687
       8.558	0.166655
       8.559	0.166621
        8.56	0.166585
       8.561	0.166548
       8.562	0.166508
       8.563	0.16647
       8.564	0.166435
       8.565	0.166406
       8.566	0.166378
       8.567	0.166354
       8.568	0.166333
       8.569	0.166313
        8.57	0.166297
       8.571	0.166284
       8.572	0.166274
       8.573	0.166267
       8.574	0.166264
       8.575	0.166264
       8.576	0.166268
       8.577	0.166276
       8.578	0.166288
       8.579	0.166303
        8.58	0.166322
       8.581	0.166348
       8.582	0.166373
       8.583	0.1664
       8.584	0.16643
       8.585	0.166462
       8.586	0.166496
       8.587	0.16653
       8.588	0.166564
       8.589	0.166597
        8.59	0.166627
       8.591	0.166656
       8.592	0.166681
       8.593	0.166705
       8.594	0.166725
       8.595	0.166744
       8.596	0.166759
       8.597	0.166773
       8.598	0.166784
       8.599	0.166793
         8.6	0.166801
       8.601	0.166806
       8.602	0.166809
       8.603	0.16681
       8.604	0.166809
       8.605	0.166806
       8.606	0.166801
       8.607	0.166794
       8.608	0.166785
       8.609	0.166776
        8.61	0.166765
       8.611	0.166753
       8.612	0.166741
       8.613	0.166729
       8.614	0.166718
       8.615	0.166706
       8.616	0.166695
       8.617	0.166684
       8.618	0.166674
       8.619	0.166664
        8.62	0.166655
       8.621	0.166647
       8.622	0.166639
       8.623	0.166633
       8.624	0.166628
       8.625	0.166624
       8.626	0.166622
       8.627	0.16662
       8.628	0.16662
       8.629	0.166621
        8.63	0.166622
       8.631	0.166625
       8.632	0.166628
       8.633	0.166632
       8.634	0.166635
       8.635	0.166637
       8.636	0.166639
       8.637	0.166639
       8.638	0.166638
       8.639	0.166635
        8.64	0.166631
       8.641	0.166625
       8.642	0.166617
       8.643	0.166609
       8.644	0.1666
       8.645	0.166589
       8.646	0.166579
       8.647	0.166568
       8.648	0.166557
       8.649	0.166547
        8.65	0.166537
       8.651	0.166526
       8.652	0.166517
       8.653	0.166508
       8.654	0.166499
       8.655	0.166491
       8.656	0.166483
       8.657	0.166477
       8.658	0.166472
       8.659	0.166469
        8.66	0.166467
       8.661	0.166466
       8.662	0.166467
       8.663	0.16647
       8.664	0.166473
       8.665	0.166479
       8.666	0.166485
       8.667	0.166493
       8.668	0.166502
       8.669	0.166512
        8.67	0.166522
       8.671	0.166532
       8.672	0.166542
       8.673	0.166552
       8.674	0.166561
       8.675	0.16657
       8.676	0.16658
       8.677	0.166589
       8.678	0.166599
       8.679	0.16661
        8.68	0.166622
       8.681	0.166635
       8.682	0.166648
       8.683	0.166662
       8.684	0.166677
       8.685	0.166692
       8.686	0.166707
       8.687	0.166723
       8.688	0.166739
       8.689	0.166754
        8.69	0.16677
       8.691	0.166785
       8.692	0.166799
       8.693	0.166812
       8.694	0.166823
       8.695	0.166832
       8.696	0.16684
       8.697	0.166844
       8.698	0.166846
       8.699	0.166846
         8.7	0.166842
       8.701	0.166837
       8.702	0.166829
       8.703	0.166819
       8.704	0.166807
       8.705	0.166795
       8.706	0.166782
       8.707	0.166769
       8.708	0.166755
       8.709	0.166742
        8.71	0.166728
       8.711	0.166713
       8.712	0.166699
       8.713	0.166683
       8.714	0.166667
       8.715	0.166649
       8.716	0.166631
       8.717	0.166611
       8.718	0.16659
       8.719	0.166569
        8.72	0.166546
       8.721	0.166523
       8.722	0.1665
       8.723	0.166477
       8.724	0.166455
       8.725	0.166434
       8.726	0.166415
       8.727	0.166397
       8.728	0.166382
       8.729	0.166368
        8.73	0.166357
       8.731	0.166349
       8.732	0.166343
       8.733	0.16634
       8.734	0.166339
       8.735	0.166341
       8.736	0.166345
       8.737	0.166352
       8.738	0.166362
       8.739	0.166375
        8.74	0.166391
       8.741	0.166413
       8.742	0.166433
       8.743	0.166455
       8.744	0.16648
       8.745	0.166508
       8.746	0.166538
       8.747	0.16657
       8.748	0.166604
       8.749	0.166639
        8.75	0.166675
       8.751	0.16671
       8.752	0.166743
       8.753	0.166774
       8.754	0.166805
       8.755	0.166835
       8.756	0.166865
       8.757	0.166893
       8.758	0.166919
       8.759	0.166947
        8.76	0.166971
       8.761	0.166994
       8.762	0.167015
       8.763	0.167032
       8.764	0.167046
       8.765	0.167055
       8.766	0.16706
       8.767	0.16706
       8.768	0.167057
       8.769	0.16705
        8.77	0.16704
       8.771	0.167028
       8.772	0.167014
       8.773	0.166998
       8.774	0.166981
       8.775	0.166962
       8.776	0.166942
       8.777	0.166921
       8.778	0.166899
       8.779	0.166877
        8.78	0.166854
       8.781	0.166832
       8.782	0.16681
       8.783	0.166789
       8.784	0.166765
       8.785	0.166745
       8.786	0.166731
       8.787	0.166719
       8.788	0.166703
       8.789	0.166692
        8.79	0.166681
       8.791	0.166669
       8.792	0.166657
       8.793	0.166644
       8.794	0.16663
       8.795	0.166616
       8.796	0.166601
       8.797	0.166586
       8.798	0.16657
       8.799	0.166553
         8.8	0.166534
       8.801	0.166515
       8.802	0.166492
       8.803	0.166469
       8.804	0.166444
       8.805	0.166418
       8.806	0.166391
       8.807	0.166363
       8.808	0.166335
       8.809	0.166307
        8.81	0.16628
       8.811	0.166255
       8.812	0.166232
       8.813	0.166212
       8.814	0.166195
       8.815	0.16618
       8.816	0.166169
       8.817	0.166162
       8.818	0.166158
       8.819	0.166158
        8.82	0.166162
       8.821	0.16617
       8.822	0.166181
       8.823	0.166197
       8.824	0.16622
       8.825	0.166246
       8.826	0.166275
       8.827	0.166308
       8.828	0.166343
       8.829	0.166381
        8.83	0.166421
       8.831	0.166463
       8.832	0.166506
       8.833	0.16655
       8.834	0.16659
       8.835	0.166636
       8.836	0.16668
       8.837	0.166719
       8.838	0.166761
       8.839	0.166797
        8.84	0.166832
       8.841	0.166864
       8.842	0.166895
       8.843	0.166923
       8.844	0.166948
       8.845	0.16697
       8.846	0.16699
       8.847	0.167007
       8.848	0.167021
       8.849	0.167032
        8.85	0.167041
       8.851	0.167047
       8.852	0.16705
       8.853	0.167051
       8.854	0.167049
       8.855	0.167046
       8.856	0.16704
       8.857	0.167033
       8.858	0.167024
       8.859	0.167014
        8.86	0.167002
       8.861	0.166989
       8.862	0.166976
       8.863	0.166961
       8.864	0.166946
       8.865	0.16693
       8.866	0.166911
       8.867	0.166894
       8.868	0.166876
       8.869	0.166857
        8.87	0.166837
       8.871	0.166815
       8.872	0.166793
       8.873	0.166769
       8.874	0.166745
       8.875	0.166721
       8.876	0.166696
       8.877	0.166671
       8.878	0.166647
       8.879	0.166623
        8.88	0.1666
       8.881	0.166578
       8.882	0.166556
       8.883	0.166535
       8.884	0.166514
       8.885	0.166493
       8.886	0.166471
       8.887	0.16645
       8.888	0.166428
       8.889	0.166405
        8.89	0.166382
       8.891	0.16636
       8.892	0.166337
       8.893	0.166315
       8.894	0.166295
       8.895	0.166275
       8.896	0.166258
       8.897	0.166242
       8.898	0.166228
       8.899	0.166216
         8.9	0.166207
       8.901	0.1662
       8.902	0.166195
       8.903	0.166193
       8.904	0.166193
       8.905	0.166197
       8.906	0.166204
       8.907	0.166214
       8.908	0.166227
       8.909	0.166242
        8.91	0.166261
       8.911	0.166281
       8.912	0.166304
       8.913	0.166328
       8.914	0.166354
       8.915	0.166382
       8.916	0.16641
       8.917	0.166439
       8.918	0.166467
       8.919	0.166495
        8.92	0.166522
       8.921	0.166548
       8.922	0.166573
       8.923	0.166596
       8.924	0.166618
       8.925	0.166639
       8.926	0.166658
       8.927	0.166677
       8.928	0.166695
       8.929	0.166712
        8.93	0.166729
       8.931	0.166746
       8.932	0.166762
       8.933	0.166777
       8.934	0.166792
       8.935	0.166806
       8.936	0.16682
       8.937	0.166833
       8.938	0.166845
       8.939	0.166856
        8.94	0.166866
       8.941	0.166876
       8.942	0.166884
       8.943	0.166892
       8.944	0.166898
       8.945	0.166903
       8.946	0.166907
       8.947	0.166909
       8.948	0.16691
       8.949	0.166909
        8.95	0.166908
       8.951	0.166904
       8.952	0.1669
       8.953	0.166894
       8.954	0.166886
       8.955	0.166878
       8.956	0.166869
       8.957	0.166859
       8.958	0.166848
       8.959	0.166836
        8.96	0.166823
       8.961	0.166809
       8.962	0.166794
       8.963	0.166777
       8.964	0.166759
       8.965	0.166739
       8.966	0.166717
       8.967	0.166692
       8.968	0.166666
       8.969	0.166638
        8.97	0.166608
       8.971	0.166576
       8.972	0.166544
       8.973	0.16651
       8.974	0.166477
       8.975	0.166443
       8.976	0.166411
       8.977	0.16638
       8.978	0.166351
       8.979	0.166324
        8.98	0.166299
       8.981	0.166278
       8.982	0.16626
       8.983	0.166245
       8.984	0.166233
       8.985	0.166226
       8.986	0.166222
       8.987	0.166222
       8.988	0.166225
       8.989	0.166231
        8.99	0.16624
       8.991	0.166251
       8.992	0.166265
       8.993	0.166281
       8.994	0.166299
       8.995	0.166318
       8.996	0.166338
       8.997	0.166358
       8.998	0.166384
       8.999	0.166412
           9	0.166437

       8.001	0.174176
       8.002	0.175116
       8.003	0.173966
       8.004	0.171248
       8.005	0.167974
       8.006	0.165115
       8.007	0.163377
       8.008	0.162982
       8.009	0.163705
        8.01	0.165136
       8.011	0.166788
       8.012	0.168219
       8.013	0.169165
       8.014	0.169548
       8.015	0.169446
       8.016	0.169036
       8.017	0.16849
       8.018	0.167966
       8.019	0.167576
        8.02	0.167369
       8.021	0.167334
       8.022	0.167423
       8.023	0.167585
       8.024	0.167775
       8.025	0.167953
       8.026	0.168093
       8.027	0.168184
       8.028	0.168229
       8.029	0.168237
        8.03	0.168221
       8.031	0.168193
       8.032	0.168162
       8.033	0.168134
       8.034	0.168113
       8.035	0.168102
       8.036	0.1681
       8.037	0.168107
       8.038	0.168121
       8.039	0.168139
        8.04	0.16816
       8.041	0.16818
       8.042	0.168199
       8.043	0.168214
       8.044	0.168223
       8.045	0.168226
       8.046	0.16822
       8.047	0.168207
       8.048	0.168186
       8.049	0.168157
        8.05	0.168121
       8.051	0.168079
       8.052	0.168032
       8.053	0.16798
       8.054	0.167926
       8.055	0.167869
       8.056	0.167811
       8.057	0.167751
       8.058	0.16769
       8.059	0.167628
        8.06	0.167567
       8.061	0.167505
       8.062	0.167446
       8.063	0.167387
       8.064	0.167332
       8.065	0.16728
       8.066	0.167232
       8.067	0.167189
       8.068	0.167152
       8.069	0.167121
        8.07	0.167097
       8.071	0.167079
       8.072	0.16707
       8.073	0.167067
       8.074	0.167072
       8.075	0.167086
       8.076	0.167106
       8.077	0.167132
       8.078	0.167165
       8.079	0.167205
        8.08	0.16725
       8.081	0.167301
       8.082	0.167357
       8.083	0.167417
       8.084	0.167481
       8.085	0.167547
       8.086	0.167615
       8.087	0.167683
       8.088	0.167752
       8.089	0.16782
        8.09	0.167886
       8.091	0.16795
       8.092	0.168011
       8.093	0.168069
       8.094	0.168122
       8.095	0.168172
       8.096	0.168217
       8.097	0.168258
       8.098	0.168295
       8.099	0.168327
         8.1	0.168356
       8.101	0.168379
       8.102	0.168399
       8.103	0.168417
       8.104	0.168432
       8.105	0.168444
       8.106	0.16845
       8.107	0.168452
       8.108	0.16845
       8.109	0.168445
        8.11	0.168438
       8.111	0.168429
       8.112	0.168419
       8.113	0.168409
       8.114	0.168397
       8.115	0.168385
       8.116	0.168371
       8.117	0.168358
       8.118	0.168345
       8.119	0.168331
        8.12	0.168318
       8.121	0.168305
       8.122	0.168293
       8.123	0.168282
       8.124	0.168272
       8.125	0.168262
       8.126	0.168254
       8.127	0.168246
       8.128	0.168239
       8.129	0.168233
        8.13	0.168228
       8.131	0.168222
       8.132	0.168216
       8.133	0.168209
       8.134	0.168201
       8.135	0.16819
       8.136	0.168178
       8.137	0.168163
       8.138	0.168145
       8.139	0.168124
        8.14	0.1681
       8.141	0.168073
       8.142	0.168044
       8.143	0.168012
       8.144	0.167979
       8.145	0.167945
       8.146	0.167909
       8.147	0.167873
       8.148	0.167836
       8.149	0.1678
        8.15	0.167765
       8.151	0.16773
       8.152	0.167698
       8.153	0.167666
       8.154	0.167637
       8.155	0.16761
       8.156	0.167585
       8.157	0.167562
       8.158	0.167542
       8.159	0.167524
        8.16	0.167509
       8.161	0.167497
       8.162	0.167487
       8.163	0.167479
       8.164	0.167474
       8.165	0.167471
       8.166	0.16747
       8.167	0.167472
       8.168	0.167476
       8.169	0.167482
        8.17	0.16749
       8.171	0.1675
       8.172	0.167512
       8.173	0.167525
       8.174	0.16754
       8.175	0.167556
       8.176	0.167573
       8.177	0.167591
       8.178	0.167609
       8.179	0.167628
        8.18	0.167648
       8.181	0.167667
       8.182	0.167686
       8.183	0.167704
       8.184	0.167723
       8.185	0.167742
       8.186	0.16776
       8.187	0.167778
       8.188	0.167796
       8.189	0.167813
        8.19	0.167831
       8.191	0.167848
       8.192	0.167865
       8.193	0.167882
       8.194	0.167898
       8.195	0.167915
       8.196	0.167931
       8.197	0.167946
       8.198	0.167962
       8.199	0.167977
         8.2	0.167992
       8.201	0.168007
       8.202	0.168021
       8.203	0.168035
       8.204	0.168048
       8.205	0.168061
       8.206	0.168074
       8.207	0.168087
       8.208	0.1681
       8.209	0.168114
        8.21	0.168127
       8.211	0.16814
       8.212	0.168154
       8.213	0.168168
       8.214	0.168181
       8.215	0.168194
       8.216	0.168207
       8.217	0.168219
       8.218	0.16823
       8.219	0.168239
        8.22	0.168246
       8.221	0.168252
       8.222	0.168255
       8.223	0.168256
       8.224	0.168255
       8.225	0.168251
       8.226	0.168245
       8.227	0.168236
       8.228	0.168224
       8.229	0.168211
        8.23	0.168197
       8.231	0.16818
       8.232	0.168163
       8.233	0.168144
       8.234	0.168125
       8.235	0.168105
       8.236	0.168085
       8.237	0.168064
       8.238	0.168045
       8.239	0.168026
        8.24	0.168007
       8.241	0.16799
       8.242	0.167975
       8.243	0.167961
       8.244	0.167949
       8.245	0.167939
       8.246	0.167931
       8.247	0.167926
       8.248	0.167922
       8.249	0.167921
        8.25	0.167921
       8.251	0.167923
       8.252	0.167926
       8.253	0.167929
       8.254	0.167934
       8.255	0.167939
       8.256	0.167945
       8.257	0.16795
       8.258	0.167956
       8.259	0.167962
        8.26	0.167967
       8.261	0.167973
       8.262	0.167978
       8.263	0.167982
       8.264	0.167987
       8.265	0.167991
       8.266	0.167995
       8.267	0.167998
       8.268	0.168001
       8.269	0.168004
        8.27	0.168006
       8.271	0.168009
       8.272	0.168011
       8.273	0.168013
       8.274	0.168016
       8.275	0.168018
       8.276	0.16802
       8.277	0.168023
       8.278	0.168026
       8.279	0.168029
        8.28	0.168033
       8.281	0.168037
       8.282	0.168042
       8.283	0.168048
       8.284	0.168055
       8.285	0.168063
       8.286	0.168071
       8.287	0.168081
       8.288	0.168091
       8.289	0.168101
        8.29	0.168112
       8.291	0.168122
       8.292	0.168133
       8.293	0.168143
       8.294	0.168152
       8.295	0.168159
       8.296	0.168165
       8.297	0.168169
       8.298	0.168171
       8.299	0.168169
         8.3	0.168164
       8.301	0.168156
       8.302	0.168145
       8.303	0.16813
       8.304	0.168113
       8.305	0.168093
       8.306	0.168071
       8.307	0.168047
       8.308	0.168022
       8.309	0.167997
        8.31	0.167971
       8.311	0.167945
       8.312	0.16792
       8.313	0.167895
       8.314	0.167872
       8.315	0.167849
       8.316	0.167828
       8.317	0.167808
       8.318	0.167789
       8.319	0.167771
        8.32	0.167756
       8.321	0.167741
       8.322	0.167729
       8.323	0.167719
       8.324	0.16771
       8.325	0.167704
       8.326	0.167699
       8.327	0.167697
       8.328	0.167696
       8.329	0.167697
        8.33	0.167699
       8.331	0.167702
       8.332	0.167707
       8.333	0.167712
       8.334	0.167719
       8.335	0.167726
       8.336	0.167734
       8.337	0.167743
       8.338	0.167753
       8.339	0.167763
        8.34	0.167774
       8.341	0.167785
       8.342	0.167797
       8.343	0.167808
       8.344	0.167819
       8.345	0.167829
       8.346	0.167839
       8.347	0.167848
       8.348	0.167856
       8.349	0.167863
        8.35	0.16787
       8.351	0.167876
       8.352	0.167881
       8.353	0.167885
       8.354	0.167888
       8.355	0.16789
       8.356	0.167892
       8.357	0.167894
       8.358	0.167895
       8.359	0.167896
        8.36	0.167897
       8.361	0.167898
       8.362	0.167899
       8.363	0.1679
       8.364	0.167902
       8.365	0.167904
       8.366	0.167907
       8.367	0.16791
       8.368	0.167914
       8.369	0.167919
        8.37	0.167924
       8.371	0.167929
       8.372	0.167935
       8.373	0.16794
       8.374	0.167945
       8.375	0.167951
       8.376	0.167956
       8.377	0.16796
       8.378	0.167964
       8.379	0.167966
        8.38	0.167967
       8.381	0.167966
       8.382	0.167963
       8.383	0.167958
       8.384	0.167952
       8.385	0.167944
       8.386	0.167934
       8.387	0.167923
       8.388	0.167911
       8.389	0.167898
        8.39	0.167883
       8.391	0.167867
       8.392	0.16785
       8.393	0.167832
       8.394	0.167813
       8.395	0.167793
       8.396	0.167773
       8.397	0.167752
       8.398	0.16773
       8.399	0.167709
         8.4	0.167689
       8.401	0.16767
       8.402	0.167652
       8.403	0.167635
       8.404	0.167621
       8.405	0.167609
       8.406	0.1676
       8.407	0.167594
       8.408	0.16759
       8.409	0.167589
        8.41	0.167592
       8.411	0.167597
       8.412	0.167604
       8.413	0.167614
       8.414	0.167627
       8.415	0.167639
       8.416	0.167652
       8.417	0.167666
       8.418	0.167682
       8.419	0.167698
        8.42	0.167716
       8.421	0.167735
       8.422	0.167754
       8.423	0.167776
       8.424	0.167796
       8.425	0.167817
       8.426	0.167837
       8.427	0.167855
       8.428	0.167871
       8.429	0.167884
        8.43	0.167896
       8.431	0.167906
       8.432	0.167916
       8.433	0.167925
       8.434	0.167933
       8.435	0.167942
       8.436	0.16795
       8.437	0.167957
       8.438	0.167965
       8.439	0.167972
        8.44	0.16798
       8.441	0.167988
       8.442	0.167997
       8.443	0.168007
       8.444	0.168017
       8.445	0.168029
       8.446	0.168042
       8.447	0.168055
       8.448	0.168069
       8.449	0.168083
        8.45	0.168097
       8.451	0.168112
       8.452	0.168126
       8.453	0.168139
       8.454	0.168151
       8.455	0.168162
       8.456	0.168172
       8.457	0.168179
       8.458	0.168183
       8.459	0.168186
        8.46	0.168185
       8.461	0.168182
       8.462	0.168176
       8.463	0.168168
       8.464	0.168156
       8.465	0.168142
       8.466	0.168125
       8.467	0.168105
       8.468	0.168084
       8.469	0.16806
        8.47	0.168034
       8.471	0.168008
       8.472	0.16798
       8.473	0.167951
       8.474	0.167923
       8.475	0.167894
       8.476	0.167865
       8.477	0.167836
       8.478	0.167809
       8.479	0.167782
        8.48	0.167756
       8.481	0.167732
       8.482	0.16771
       8.483	0.16769
       8.484	0.167672
       8.485	0.167655
       8.486	0.167641
       8.487	0.167629
       8.488	0.167619
       8.489	0.167611
        8.49	0.167604
       8.491	0.1676
       8.492	0.167598
       8.493	0.167597
       8.494	0.167599
       8.495	0.167604
       8.496	0.167611
       8.497	0.167621
       8.498	0.167633
       8.499	0.167646
         8.5	0.167662
       8.501	0.167678
       8.502	0.167695
       8.503	0.167713
       8.504	0.167732
       8.505	0.167752
       8.506	0.167773
       8.507	0.167795
       8.508	0.167817
       8.509	0.167839
        8.51	0.167863
       8.511	0.167887
       8.512	0.16791
       8.513	0.167932
       8.514	0.167952
       8.515	0.16797
       8.516	0.167986
       8.517	0.168
       8.518	0.168013
       8.519	0.168026
        8.52	0.168037
       8.521	0.168048
       8.522	0.168059
       8.523	0.168069
       8.524	0.168078
       8.525	0.168088
       8.526	0.168097
       8.527	0.168107
       8.528	0.168116
       8.529	0.168127
        8.53	0.168137
       8.531	0.168148
       8.532	0.168159
       8.533	0.168171
       8.534	0.168182
       8.535	0.168192
       8.536	0.168202
       8.537	0.168211
       8.538	0.168218
       8.539	0.168223
        8.54	0.168227
       8.541	0.168228
       8.542	0.168227
       8.543	0.168223
       8.544	0.168217
       8.545	0.168209
       8.546	0.168199
       8.547	0.168186
       8.548	0.168172
       8.549	0.168157
        8.55	0.16814
       8.551	0.168121
       8.552	0.168101
       8.553	0.168079
       8.554	0.168055
       8.555	0.16803
       8.556	0.168003
       8.557	0.167975
       8.558	0.167946
       8.559	0.167916
        8.56	0.167886
       8.561	0.167855
       8.562	0.167824
       8.563	0.167794
       8.564	0.167764
       8.565	0.167735
       8.566	0.167707
       8.567	0.16768
       8.568	0.167656
       8.569	0.167633
        8.57	0.167612
       8.571	0.167595
       8.572	0.16758
       8.573	0.167568
       8.574	0.167559
       8.575	0.167554
       8.576	0.167552
       8.577	0.167553
       8.578	0.167556
       8.579	0.167562
        8.58	0.167571
       8.581	0.167581
       8.582	0.167594
       8.583	0.167607
       8.584	0.167623
       8.585	0.167639
       8.586	0.167656
       8.587	0.167673
       8.588	0.167692
       8.589	0.167711
        8.59	0.167731
       8.591	0.167752
       8.592	0.167773
       8.593	0.167794
       8.594	0.167816
       8.595	0.167837
       8.596	0.167857
       8.597	0.167877
       8.598	0.167896
       8.599	0.167914
         8.6	0.167931
       8.601	0.167948
       8.602	0.167964
       8.603	0.16798
       8.604	0.167995
       8.605	0.16801
       8.606	0.168026
       8.607	0.168043
       8.608	0.168062
       8.609	0.16808
        8.61	0.1681
       8.611	0.16812
       8.612	0.168139
       8.613	0.168158
       8.614	0.168176
       8.615	0.168194
       8.616	0.168211
       8.617	0.168226
       8.618	0.168241
       8.619	0.168255
        8.62	0.168267
       8.621	0.168277
       8.622	0.168285
       8.623	0.168291
       8.624	0.168294
       8.625	0.168296
       8.626	0.168295
       8.627	0.168292
       8.628	0.168286
       8.629	0.168279
        8.63	0.168269
       8.631	0.168258
       8.632	0.168245
       8.633	0.16823
       8.634	0.168214
       8.635	0.168196
       8.636	0.168177
       8.637	0.168156
       8.638	0.168135
       8.639	0.168115
        8.64	0.168091
       8.641	0.168071
       8.642	0.168046
       8.643	0.168022
       8.644	0.168003
       8.645	0.167981
       8.646	0.16796
       8.647	0.167942
       8.648	0.167925
       8.649	0.16791
        8.65	0.167897
       8.651	0.167886
       8.652	0.167877
       8.653	0.167869
       8.654	0.167862
       8.655	0.167856
       8.656	0.167851
       8.657	0.167847
       8.658	0.167844
       8.659	0.167841
        8.66	0.167839
       8.661	0.167838
       8.662	0.167837
       8.663	0.167836
       8.664	0.167836
       8.665	0.167836
       8.666	0.167837
       8.667	0.167838
       8.668	0.167839
       8.669	0.167841
        8.67	0.167843
       8.671	0.167845
       8.672	0.167847
       8.673	0.167849
       8.674	0.167851
       8.675	0.167851
       8.676	0.167851
       8.677	0.16785
       8.678	0.167848
       8.679	0.167845
        8.68	0.167841
       8.681	0.167836
       8.682	0.16783
       8.683	0.167824
       8.684	0.167818
       8.685	0.167812
       8.686	0.167807
       8.687	0.167801
       8.688	0.167798
       8.689	0.167796
        8.69	0.167797
       8.691	0.167799
       8.692	0.167804
       8.693	0.16781
       8.694	0.16782
       8.695	0.16783
       8.696	0.167843
       8.697	0.167856
       8.698	0.16787
       8.699	0.167883
         8.7	0.167897
       8.701	0.16791
       8.702	0.167922
       8.703	0.167932
       8.704	0.167942
       8.705	0.167949
       8.706	0.167955
       8.707	0.167959
       8.708	0.167961
       8.709	0.167961
        8.71	0.16796
       8.711	0.167957
       8.712	0.167953
       8.713	0.167947
       8.714	0.167941
       8.715	0.167934
       8.716	0.167926
       8.717	0.167918
       8.718	0.167909
       8.719	0.167901
        8.72	0.167892
       8.721	0.167883
       8.722	0.167874
       8.723	0.167867
       8.724	0.167859
       8.725	0.167853
       8.726	0.167847
       8.727	0.167842
       8.728	0.167839
       8.729	0.167837
        8.73	0.167837
       8.731	0.167839
       8.732	0.167842
       8.733	0.167848
       8.734	0.167855
       8.735	0.167864
       8.736	0.167875
       8.737	0.167887
       8.738	0.167899
       8.739	0.167911
        8.74	0.167924
       8.741	0.167936
       8.742	0.167948
       8.743	0.16796
       8.744	0.167971
       8.745	0.167982
       8.746	0.167991
       8.747	0.168
       8.748	0.168008
       8.749	0.168015
        8.75	0.16802
       8.751	0.168025
       8.752	0.168028
       8.753	0.16803
       8.754	0.16803
       8.755	0.16803
       8.756	0.168029
       8.757	0.168026
       8.758	0.168023
       8.759	0.16802
        8.76	0.168016
       8.761	0.168012
       8.762	0.168008
       8.763	0.168005
       8.764	0.168002
       8.765	0.168
       8.766	0.167999
       8.767	0.167999
       8.768	0.167999
       8.769	0.167999
        8.77	0.168
       8.771	0.168001
       8.772	0.168001
       8.773	0.168002
       8.774	0.168002
       8.775	0.168002
       8.776	0.168003
       8.777	0.168003
       8.778	0.168002
       8.779	0.168
        8.78	0.167998
       8.781	0.167995
       8.782	0.167991
       8.783	0.167985
       8.784	0.167979
       8.785	0.167971
       8.786	0.167963
       8.787	0.167953
       8.788	0.167943
       8.789	0.167933
        8.79	0.167923
       8.791	0.167912
       8.792	0.167902
       8.793	0.167892
       8.794	0.167882
       8.795	0.167873
       8.796	0.167864
       8.797	0.167855
       8.798	0.167846
       8.799	0.167837
         8.8	0.167829
       8.801	0.16782
       8.802	0.167811
       8.803	0.167803
       8.804	0.167795
       8.805	0.167787
       8.806	0.16778
       8.807	0.167773
       8.808	0.167767
       8.809	0.167763
        8.81	0.167759
       8.811	0.167757
       8.812	0.167756
       8.813	0.167757
       8.814	0.167759
       8.815	0.167762
       8.816	0.167767
       8.817	0.167772
       8.818	0.167779
       8.819	0.167786
        8.82	0.167794
       8.821	0.167803
       8.822	0.167813
       8.823	0.167825
       8.824	0.167837
       8.825	0.167851
       8.826	0.167866
       8.827	0.167882
       8.828	0.167899
       8.829	0.167917
        8.83	0.167935
       8.831	0.167954
       8.832	0.167972
       8.833	0.167989
       8.834	0.168004
       8.835	0.168018
       8.836	0.16803
       8.837	0.168039
       8.838	0.168047
       8.839	0.168052
        8.84	0.168056
       8.841	0.168058
       8.842	0.16806
       8.843	0.16806
       8.844	0.16806
       8.845	0.16806
       8.846	0.168059
       8.847	0.168058
       8.848	0.168058
       8.849	0.168057
        8.85	0.168057
       8.851	0.168058
       8.852	0.168058
       8.853	0.168059
       8.854	0.168061
       8.855	0.168063
       8.856	0.168066
       8.857	0.168068
       8.858	0.168072
       8.859	0.168075
        8.86	0.168077
       8.861	0.168079
       8.862	0.16808
       8.863	0.168079
       8.864	0.168076
       8.865	0.168071
       8.866	0.168063
       8.867	0.168053
       8.868	0.16804
       8.869	0.168025
        8.87	0.168009
       8.871	0.16799
       8.872	0.167971
       8.873	0.16795
       8.874	0.167928
       8.875	0.167906
       8.876	0.167883
       8.877	0.167861
       8.878	0.167839
       8.879	0.167818
        8.88	0.167798
       8.881	0.16778
       8.882	0.167764
       8.883	0.16775
       8.884	0.167738
       8.885	0.167729
       8.886	0.167723
       8.887	0.167719
       8.888	0.167719
       8.889	0.167722
        8.89	0.167728
       8.891	0.167737
       8.892	0.167748
       8.893	0.167762
       8.894	0.167778
       8.895	0.167794
       8.896	0.16781
       8.897	0.167827
       8.898	0.167844
       8.899	0.167862
         8.9	0.16788
       8.901	0.167898
       8.902	0.167916
       8.903	0.167934
       8.904	0.167951
       8.905	0.167967
       8.906	0.167982
       8.907	0.167996
       8.908	0.168008
       8.909	0.168019
        8.91	0.168028
       8.911	0.168036
       8.912	0.168041
       8.913	0.168044
       8.914	0.168046
       8.915	0.168046
       8.916	0.168044
       8.917	0.168043
       8.918	0.168041
       8.919	0.168038
        8.92	0.168032
       8.921	0.168025
       8.922	0.168016
       8.923	0.168007
       8.924	0.167997
       8.925	0.167989
       8.926	0.167981
       8.927	0.167976
       8.928	0.167972
       8.929	0.167971
        8.93	0.16797
       8.931	0.167971
       8.932	0.167974
       8.933	0.167977
       8.934	0.167981
       8.935	0.167987
       8.936	0.167993
       8.937	0.167999
       8.938	0.168006
       8.939	0.168013
        8.94	0.168019
       8.941	0.168025
       8.942	0.168029
       8.943	0.168032
       8.944	0.168032
       8.945	0.168029
       8.946	0.168025
       8.947	0.168017
       8.948	0.168008
       8.949	0.167997
        8.95	0.167985
       8.951	0.16797
       8.952	0.167955
       8.953	0.167939
       8.954	0.167922
       8.955	0.167904
       8.956	0.167886
       8.957	0.167868
       8.958	0.16785
       8.959	0.167833
        8.96	0.167815
       8.961	0.167798
       8.962	0.167782
       8.963	0.167767
       8.964	0.167753
       8.965	0.16774
       8.966	0.16773
       8.967	0.167721
       8.968	0.167715
       8.969	0.167711
        8.97	0.167709
       8.971	0.16771
       8.972	0.167713
       8.973	0.167718
       8.974	0.167724
       8.975	0.167733
       8.976	0.167743
       8.977	0.167755
       8.978	0.167768
       8.979	0.167782
        8.98	0.167797
       8.981	0.167813
       8.982	0.16783
       8.983	0.167848
       8.984	0.167867
       8.985	0.167886
       8.986	0.167906
       8.987	0.167925
       8.988	0.167944
       8.989	0.167963
        8.99	0.16798
       8.991	0.167996
       8.992	0.168012
       8.993	0.168025
       8.994	0.168038
       8.995	0.168049
       8.996	0.168058
       8.997	0.168066
       8.998	0.168072
       8.999	0.168077
           9	0.168081

       8.001	0.173781
       8.002	0.174522
       8.003	0.173677
       8.004	0.171678
       8.005	0.169228
       8.006	0.167087
       8.007	0.165758
       8.008	0.165419
       8.009	0.165901
        8.01	0.166908
       8.011	0.168082
       8.012	0.169102
       8.013	0.169775
       8.014	0.170048
       8.015	0.169975
       8.016	0.169682
       8.017	0.169313
       8.018	0.168949
       8.019	0.168671
        8.02	0.168517
       8.021	0.168481
       8.022	0.168529
       8.023	0.168634
       8.024	0.168768
       8.025	0.168922
       8.026	0.169032
       8.027	0.169124
       8.028	0.169163
       8.029	0.169175
        8.03	0.169165
       8.031	0.169141
       8.032	0.16911
       8.033	0.169075
       8.034	0.169041
       8.035	0.16901
       8.036	0.168984
       8.037	0.168962
       8.038	0.168944
       8.039	0.168931
        8.04	0.16892
       8.041	0.168911
       8.042	0.168903
       8.043	0.168894
       8.044	0.168884
       8.045	0.16887
       8.046	0.168853
       8.047	0.168833
       8.048	0.168809
       8.049	0.168781
        8.05	0.168751
       8.051	0.168719
       8.052	0.168687
       8.053	0.168654
       8.054	0.168623
       8.055	0.168593
       8.056	0.168565
       8.057	0.168539
       8.058	0.168516
       8.059	0.168495
        8.06	0.168477
       8.061	0.168461
       8.062	0.168448
       8.063	0.168438
       8.064	0.16843
       8.065	0.168426
       8.066	0.168424
       8.067	0.168426
       8.068	0.16843
       8.069	0.168437
        8.07	0.168447
       8.071	0.168459
       8.072	0.168475
       8.073	0.168493
       8.074	0.168513
       8.075	0.168535
       8.076	0.168559
       8.077	0.168584
       8.078	0.16861
       8.079	0.168638
        8.08	0.168666
       8.081	0.168696
       8.082	0.168726
       8.083	0.168758
       8.084	0.168789
       8.085	0.168821
       8.086	0.168853
       8.087	0.168886
       8.088	0.168918
       8.089	0.16895
        8.09	0.168981
       8.091	0.16901
       8.092	0.169038
       8.093	0.169064
       8.094	0.169089
       8.095	0.169111
       8.096	0.169133
       8.097	0.169152
       8.098	0.16917
       8.099	0.169186
         8.1	0.1692
       8.101	0.169212
       8.102	0.169222
       8.103	0.169229
       8.104	0.169233
       8.105	0.169234
       8.106	0.169232
       8.107	0.169228
       8.108	0.169222
       8.109	0.169213
        8.11	0.169203
       8.111	0.169191
       8.112	0.169179
       8.113	0.169166
       8.114	0.169152
       8.115	0.169138
       8.116	0.169124
       8.117	0.169109
       8.118	0.169093
       8.119	0.169077
        8.12	0.16906
       8.121	0.169042
       8.122	0.169024
       8.123	0.169005
       8.124	0.168986
       8.125	0.168967
       8.126	0.168947
       8.127	0.168928
       8.128	0.16891
       8.129	0.168891
        8.13	0.168874
       8.131	0.168857
       8.132	0.168842
       8.133	0.168828
       8.134	0.168814
       8.135	0.168803
       8.136	0.168793
       8.137	0.168784
       8.138	0.168777
       8.139	0.168772
        8.14	0.168769
       8.141	0.168767
       8.142	0.168767
       8.143	0.168769
       8.144	0.168772
       8.145	0.168776
       8.146	0.168781
       8.147	0.168787
       8.148	0.168794
       8.149	0.168801
        8.15	0.168809
       8.151	0.168817
       8.152	0.168825
       8.153	0.168832
       8.154	0.168838
       8.155	0.168844
       8.156	0.168849
       8.157	0.168854
       8.158	0.168858
       8.159	0.168861
        8.16	0.168865
       8.161	0.168869
       8.162	0.168873
       8.163	0.168877
       8.164	0.168882
       8.165	0.168887
       8.166	0.168893
       8.167	0.168899
       8.168	0.168906
       8.169	0.168914
        8.17	0.168922
       8.171	0.16893
       8.172	0.16894
       8.173	0.16895
       8.174	0.168961
       8.175	0.168972
       8.176	0.168984
       8.177	0.168997
       8.178	0.16901
       8.179	0.169023
        8.18	0.169035
       8.181	0.169047
       8.182	0.169058
       8.183	0.169068
       8.184	0.169076
       8.185	0.169082
       8.186	0.169086
       8.187	0.169087
       8.188	0.169086
       8.189	0.169083
        8.19	0.169076
       8.191	0.169068
       8.192	0.169056
       8.193	0.169043
       8.194	0.169028
       8.195	0.169011
       8.196	0.168993
       8.197	0.168974
       8.198	0.168955
       8.199	0.168936
         8.2	0.168917
       8.201	0.168899
       8.202	0.168882
       8.203	0.168866
       8.204	0.168851
       8.205	0.168838
       8.206	0.168826
       8.207	0.168817
       8.208	0.16881
       8.209	0.168806
        8.21	0.168804
       8.211	0.168805
       8.212	0.168808
       8.213	0.168814
       8.214	0.168822
       8.215	0.168831
       8.216	0.168842
       8.217	0.168855
       8.218	0.168868
       8.219	0.168881
        8.22	0.168895
       8.221	0.168908
       8.222	0.16892
       8.223	0.168931
       8.224	0.168941
       8.225	0.168948
       8.226	0.168954
       8.227	0.168958
       8.228	0.16896
       8.229	0.168959
        8.23	0.168957
       8.231	0.168952
       8.232	0.168943
       8.233	0.168937
       8.234	0.168928
       8.235	0.168916
       8.236	0.168907
       8.237	0.168893
       8.238	0.168883
       8.239	0.168871
        8.24	0.168857
       8.241	0.168845
       8.242	0.168833
       8.243	0.168821
       8.244	0.168809
       8.245	0.168797
       8.246	0.168786
       8.247	0.168776
       8.248	0.168767
       8.249	0.168758
        8.25	0.168752
       8.251	0.168746
       8.252	0.168742
       8.253	0.168738
       8.254	0.168736
       8.255	0.168735
       8.256	0.168735
       8.257	0.168735
       8.258	0.168736
       8.259	0.168738
        8.26	0.168739
       8.261	0.16874
       8.262	0.168741
       8.263	0.168741
       8.264	0.16874
       8.265	0.168739
       8.266	0.168736
       8.267	0.168732
       8.268	0.168729
       8.269	0.168724
        8.27	0.16872
       8.271	0.168716
       8.272	0.168711
       8.273	0.168708
       8.274	0.168704
       8.275	0.168701
       8.276	0.168699
       8.277	0.168697
       8.278	0.168695
       8.279	0.168694
        8.28	0.168693
       8.281	0.168693
       8.282	0.168692
       8.283	0.168692
       8.284	0.168692
       8.285	0.168692
       8.286	0.168692
       8.287	0.168692
       8.288	0.168691
       8.289	0.16869
        8.29	0.168689
       8.291	0.168687
       8.292	0.168686
       8.293	0.168686
       8.294	0.168685
       8.295	0.168686
       8.296	0.168687
       8.297	0.168689
       8.298	0.168692
       8.299	0.168696
         8.3	0.1687
       8.301	0.168704
       8.302	0.168709
       8.303	0.168713
       8.304	0.168717
       8.305	0.168721
       8.306	0.168725
       8.307	0.168728
       8.308	0.168731
       8.309	0.168734
        8.31	0.168735
       8.311	0.168736
       8.312	0.168735
       8.313	0.168733
       8.314	0.16873
       8.315	0.168724
       8.316	0.168718
       8.317	0.168709
       8.318	0.1687
       8.319	0.168689
        8.32	0.168677
       8.321	0.168664
       8.322	0.168651
       8.323	0.168637
       8.324	0.168623
       8.325	0.168609
       8.326	0.168594
       8.327	0.168579
       8.328	0.168564
       8.329	0.168548
        8.33	0.168532
       8.331	0.168516
       8.332	0.1685
       8.333	0.168484
       8.334	0.168469
       8.335	0.168455
       8.336	0.168442
       8.337	0.16843
       8.338	0.16842
       8.339	0.168411
        8.34	0.168403
       8.341	0.168397
       8.342	0.168392
       8.343	0.168388
       8.344	0.168385
       8.345	0.168382
       8.346	0.168381
       8.347	0.168379
       8.348	0.168378
       8.349	0.168378
        8.35	0.168378
       8.351	0.168377
       8.352	0.168378
       8.353	0.168378
       8.354	0.168379
       8.355	0.168381
       8.356	0.168382
       8.357	0.168384
       8.358	0.168386
       8.359	0.168387
        8.36	0.168389
       8.361	0.16839
       8.362	0.168391
       8.363	0.168392
       8.364	0.168393
       8.365	0.168394
       8.366	0.168396
       8.367	0.168398
       8.368	0.168401
       8.369	0.168406
        8.37	0.168412
       8.371	0.16842
       8.372	0.16843
       8.373	0.168441
       8.374	0.168453
       8.375	0.168465
       8.376	0.168478
       8.377	0.168491
       8.378	0.168504
       8.379	0.168516
        8.38	0.168527
       8.381	0.168538
       8.382	0.168549
       8.383	0.168559
       8.384	0.168568
       8.385	0.168577
       8.386	0.168585
       8.387	0.168593
       8.388	0.1686
       8.389	0.168606
        8.39	0.168612
       8.391	0.168617
       8.392	0.168621
       8.393	0.168625
       8.394	0.168628
       8.395	0.168631
       8.396	0.168634
       8.397	0.168636
       8.398	0.168638
       8.399	0.168641
         8.4	0.168643
       8.401	0.168646
       8.402	0.168649
       8.403	0.168652
       8.404	0.168656
       8.405	0.168661
       8.406	0.168667
       8.407	0.168673
       8.408	0.16868
       8.409	0.168688
        8.41	0.168696
       8.411	0.168705
       8.412	0.168715
       8.413	0.168725
       8.414	0.168735
       8.415	0.168745
       8.416	0.168754
       8.417	0.168763
       8.418	0.168771
       8.419	0.168778
        8.42	0.168783
       8.421	0.168786
       8.422	0.168786
       8.423	0.168784
       8.424	0.168779
       8.425	0.16877
       8.426	0.168759
       8.427	0.168745
       8.428	0.168729
       8.429	0.168711
        8.43	0.168691
       8.431	0.168669
       8.432	0.168646
       8.433	0.168622
       8.434	0.168598
       8.435	0.168574
       8.436	0.168549
       8.437	0.168518
       8.438	0.168496
       8.439	0.168474
        8.44	0.168453
       8.441	0.168432
       8.442	0.168411
       8.443	0.16839
       8.444	0.16837
       8.445	0.16835
       8.446	0.168331
       8.447	0.168309
       8.448	0.168294
       8.449	0.16828
        8.45	0.168267
       8.451	0.168254
       8.452	0.168243
       8.453	0.168233
       8.454	0.168224
       8.455	0.168217
       8.456	0.16821
       8.457	0.168205
       8.458	0.1682
       8.459	0.168197
        8.46	0.168196
       8.461	0.168195
       8.462	0.168199
       8.463	0.1682
       8.464	0.168203
       8.465	0.168207
       8.466	0.168212
       8.467	0.168218
       8.468	0.168224
       8.469	0.168231
        8.47	0.168237
       8.471	0.168242
       8.472	0.168247
       8.473	0.168252
       8.474	0.168256
       8.475	0.16826
       8.476	0.168265
       8.477	0.168271
       8.478	0.168278
       8.479	0.168287
        8.48	0.168298
       8.481	0.168311
       8.482	0.168326
       8.483	0.168342
       8.484	0.16836
       8.485	0.168379
       8.486	0.1684
       8.487	0.168422
       8.488	0.168445
       8.489	0.16847
        8.49	0.168494
       8.491	0.168519
       8.492	0.168544
       8.493	0.168568
       8.494	0.168591
       8.495	0.168612
       8.496	0.168632
       8.497	0.168649
       8.498	0.168664
       8.499	0.168677
         8.5	0.168687
       8.501	0.168695
       8.502	0.1687
       8.503	0.168703
       8.504	0.168704
       8.505	0.168703
       8.506	0.1687
       8.507	0.168694
       8.508	0.168687
       8.509	0.168678
        8.51	0.168667
       8.511	0.168654
       8.512	0.168639
       8.513	0.168623
       8.514	0.168605
       8.515	0.168586
       8.516	0.168566
       8.517	0.168545
       8.518	0.168524
       8.519	0.168503
        8.52	0.168482
       8.521	0.168461
       8.522	0.168441
       8.523	0.168421
       8.524	0.168403
       8.525	0.168385
       8.526	0.168369
       8.527	0.168355
       8.528	0.168343
       8.529	0.168333
        8.53	0.168325
       8.531	0.168319
       8.532	0.168315
       8.533	0.168313
       8.534	0.168314
       8.535	0.168316
       8.536	0.168319
       8.537	0.168324
       8.538	0.16833
       8.539	0.168336
        8.54	0.168344
       8.541	0.168352
       8.542	0.168361
       8.543	0.16837
       8.544	0.168379
       8.545	0.168388
       8.546	0.168395
       8.547	0.168402
       8.548	0.168408
       8.549	0.168414
        8.55	0.168419
       8.551	0.168423
       8.552	0.168428
       8.553	0.168432
       8.554	0.168437
       8.555	0.168442
       8.556	0.168447
       8.557	0.168452
       8.558	0.168458
       8.559	0.168463
        8.56	0.168469
       8.561	0.168475
       8.562	0.168482
       8.563	0.168489
       8.564	0.168496
       8.565	0.168504
       8.566	0.168513
       8.567	0.168523
       8.568	0.168533
       8.569	0.168544
        8.57	0.168555
       8.571	0.168567
       8.572	0.168578
       8.573	0.168589
       8.574	0.1686
       8.575	0.168611
       8.576	0.16862
       8.577	0.168628
       8.578	0.168634
       8.579	0.168638
        8.58	0.16864
       8.581	0.16864
       8.582	0.168639
       8.583	0.168635
       8.584	0.16863
       8.585	0.168623
       8.586	0.168615
       8.587	0.168605
       8.588	0.168593
       8.589	0.16858
        8.59	0.168564
       8.591	0.168547
       8.592	0.168529
       8.593	0.168508
       8.594	0.168487
       8.595	0.168465
       8.596	0.168442
       8.597	0.168419
       8.598	0.168396
       8.599	0.168373
         8.6	0.16835
       8.601	0.168327
       8.602	0.168305
       8.603	0.168283
       8.604	0.168262
       8.605	0.168241
       8.606	0.168221
       8.607	0.168201
       8.608	0.168183
       8.609	0.168166
        8.61	0.168151
       8.611	0.168138
       8.612	0.168126
       8.613	0.168117
       8.614	0.16811
       8.615	0.168104
       8.616	0.168101
       8.617	0.168099
       8.618	0.1681
       8.619	0.168101
        8.62	0.168104
       8.621	0.168108
       8.622	0.168113
       8.623	0.16812
       8.624	0.168127
       8.625	0.168137
       8.626	0.168146
       8.627	0.168156
       8.628	0.168168
       8.629	0.168183
        8.63	0.168196
       8.631	0.16821
       8.632	0.168225
       8.633	0.168241
       8.634	0.168257
       8.635	0.168275
       8.636	0.168293
       8.637	0.168311
       8.638	0.168329
       8.639	0.168347
        8.64	0.168365
       8.641	0.168383
       8.642	0.168401
       8.643	0.168419
       8.644	0.168437
       8.645	0.168456
       8.646	0.168474
       8.647	0.168492
       8.648	0.16851
       8.649	0.168527
        8.65	0.168543
       8.651	0.168558
       8.652	0.168572
       8.653	0.168585
       8.654	0.168596
       8.655	0.168605
       8.656	0.168613
       8.657	0.168619
       8.658	0.168624
       8.659	0.168628
        8.66	0.168631
       8.661	0.168632
       8.662	0.168633
       8.663	0.168633
       8.664	0.168631
       8.665	0.168629
       8.666	0.168625
       8.667	0.168621
       8.668	0.168615
       8.669	0.168609
        8.67	0.168602
       8.671	0.168594
       8.672	0.168585
       8.673	0.168576
       8.674	0.168567
       8.675	0.168556
       8.676	0.168546
       8.677	0.168535
       8.678	0.168523
       8.679	0.168513
        8.68	0.168503
       8.681	0.168493
       8.682	0.168483
       8.683	0.168473
       8.684	0.168463
       8.685	0.168454
       8.686	0.168445
       8.687	0.168437
       8.688	0.168429
       8.689	0.168421
        8.69	0.168414
       8.691	0.168406
       8.692	0.168398
       8.693	0.168389
       8.694	0.168381
       8.695	0.168371
       8.696	0.168361
       8.697	0.168351
       8.698	0.16834
       8.699	0.168327
         8.7	0.168315
       8.701	0.168303
       8.702	0.168289
       8.703	0.168274
       8.704	0.16826
       8.705	0.168247
       8.706	0.168233
       8.707	0.168219
       8.708	0.168207
       8.709	0.168195
        8.71	0.168186
       8.711	0.168178
       8.712	0.168173
       8.713	0.168169
       8.714	0.168169
       8.715	0.16817
       8.716	0.168174
       8.717	0.16818
       8.718	0.16819
       8.719	0.168201
        8.72	0.168214
       8.721	0.16823
       8.722	0.168247
       8.723	0.168267
       8.724	0.168288
       8.725	0.168311
       8.726	0.168336
       8.727	0.168362
       8.728	0.168388
       8.729	0.168414
        8.73	0.16844
       8.731	0.168465
       8.732	0.168489
       8.733	0.168511
       8.734	0.16853
       8.735	0.168547
       8.736	0.168561
       8.737	0.168572
       8.738	0.16858
       8.739	0.168584
        8.74	0.168586
       8.741	0.168584
       8.742	0.16858
       8.743	0.168574
       8.744	0.168565
       8.745	0.168555
       8.746	0.168543
       8.747	0.16853
       8.748	0.168516
       8.749	0.1685
        8.75	0.168485
       8.751	0.16847
       8.752	0.168455
       8.753	0.16844
       8.754	0.168427
       8.755	0.168415
       8.756	0.168406
       8.757	0.168398
       8.758	0.168392
       8.759	0.168387
        8.76	0.168385
       8.761	0.168384
       8.762	0.168385
       8.763	0.168387
       8.764	0.168391
       8.765	0.168395
       8.766	0.168401
       8.767	0.168407
       8.768	0.168415
       8.769	0.168422
        8.77	0.168429
       8.771	0.168435
       8.772	0.16844
       8.773	0.168444
       8.774	0.168448
       8.775	0.168451
       8.776	0.168455
       8.777	0.168455
       8.778	0.168455
       8.779	0.168454
        8.78	0.168453
       8.781	0.16845
       8.782	0.168447
       8.783	0.168444
       8.784	0.168439
       8.785	0.168434
       8.786	0.168428
       8.787	0.168421
       8.788	0.168414
       8.789	0.168406
        8.79	0.168399
       8.791	0.168392
       8.792	0.168386
       8.793	0.16838
       8.794	0.168376
       8.795	0.168372
       8.796	0.168369
       8.797	0.168368
       8.798	0.168368
       8.799	0.168369
         8.8	0.168372
       8.801	0.168376
       8.802	0.168382
       8.803	0.168389
       8.804	0.168397
       8.805	0.168406
       8.806	0.168416
       8.807	0.168427
       8.808	0.168437
       8.809	0.168447
        8.81	0.168457
       8.811	0.168465
       8.812	0.168471
       8.813	0.168476
       8.814	0.16848
       8.815	0.168481
       8.816	0.168479
       8.817	0.168477
       8.818	0.168475
       8.819	0.16847
        8.82	0.168464
       8.821	0.168457
       8.822	0.168449
       8.823	0.168438
       8.824	0.168428
       8.825	0.168417
       8.826	0.168406
       8.827	0.168393
       8.828	0.16838
       8.829	0.168365
        8.83	0.168349
       8.831	0.168333
       8.832	0.168316
       8.833	0.168298
       8.834	0.168281
       8.835	0.168263
       8.836	0.168246
       8.837	0.16823
       8.838	0.168214
       8.839	0.168198
        8.84	0.168185
       8.841	0.168172
       8.842	0.168162
       8.843	0.168153
       8.844	0.168147
       8.845	0.168143
       8.846	0.168141
       8.847	0.168141
       8.848	0.168143
       8.849	0.168147
        8.85	0.168154
       8.851	0.168161
       8.852	0.168171
       8.853	0.168181
       8.854	0.168194
       8.855	0.168207
       8.856	0.168221
       8.857	0.168235
       8.858	0.16825
       8.859	0.168265
        8.86	0.16828
       8.861	0.168295
       8.862	0.16831
       8.863	0.168324
       8.864	0.168338
       8.865	0.168352
       8.866	0.168365
       8.867	0.168379
       8.868	0.168392
       8.869	0.168405
        8.87	0.168418
       8.871	0.168431
       8.872	0.168444
       8.873	0.168457
       8.874	0.16847
       8.875	0.168482
       8.876	0.168494
       8.877	0.168505
       8.878	0.168515
       8.879	0.168524
        8.88	0.168533
       8.881	0.16854
       8.882	0.168547
       8.883	0.168552
       8.884	0.168557
       8.885	0.16856
       8.886	0.168562
       8.887	0.168563
       8.888	0.168561
       8.889	0.168558
        8.89	0.168554
       8.891	0.168547
       8.892	0.168539
       8.893	0.168529
       8.894	0.168518
       8.895	0.168505
       8.896	0.168492
       8.897	0.168478
       8.898	0.168463
       8.899	0.168448
         8.9	0.168433
       8.901	0.168417
       8.902	0.168401
       8.903	0.168385
       8.904	0.168368
       8.905	0.168352
       8.906	0.168335
       8.907	0.168318
       8.908	0.168301
       8.909	0.168285
        8.91	0.168269
       8.911	0.168255
       8.912	0.168242
       8.913	0.16823
       8.914	0.16822
       8.915	0.168212
       8.916	0.168206
       8.917	0.168202
       8.918	0.1682
       8.919	0.1682
        8.92	0.168202
       8.921	0.168207
       8.922	0.168212
       8.923	0.168219
       8.924	0.168227
       8.925	0.168236
       8.926	0.168245
       8.927	0.168255
       8.928	0.168265
       8.929	0.168275
        8.93	0.168285
       8.931	0.168295
       8.932	0.168304
       8.933	0.168313
       8.934	0.16832
       8.935	0.168328
       8.936	0.168334
       8.937	0.168341
       8.938	0.168347
       8.939	0.168353
        8.94	0.168359
       8.941	0.168366
       8.942	0.168372
       8.943	0.16838
       8.944	0.168387
       8.945	0.168395
       8.946	0.168404
       8.947	0.168414
       8.948	0.168424
       8.949	0.168436
        8.95	0.168448
       8.951	0.168461
       8.952	0.168475
       8.953	0.168489
       8.954	0.168504
       8.955	0.16852
       8.956	0.168535
       8.957	0.16855
       8.958	0.168566
       8.959	0.16858
        8.96	0.168594
       8.961	0.168607
       8.962	0.168619
       8.963	0.168629
       8.964	0.168638
       8.965	0.168643
       8.966	0.168647
       8.967	0.168647
       8.968	0.168645
       8.969	0.168639
        8.97	0.168631
       8.971	0.168616
       8.972	0.168603
       8.973	0.168586
       8.974	0.168563
       8.975	0.168539
       8.976	0.168514
       8.977	0.168487
       8.978	0.16846
       8.979	0.168432
        8.98	0.168403
       8.981	0.168374
       8.982	0.168345
       8.983	0.168315
       8.984	0.168286
       8.985	0.168261
       8.986	0.168235
       8.987	0.168206
       8.988	0.168182
       8.989	0.168158
        8.99	0.168136
       8.991	0.168116
       8.992	0.168097
       8.993	0.168081
       8.994	0.168067
       8.995	0.168055
       8.996	0.168046
       8.997	0.168038
       8.998	0.168033
       8.999	0.16803
           9	0.16803

       8.001	0.172092
       8.002	0.172652
       8.003	0.172076
       8.004	0.170654
       8.005	0.168918
       8.006	0.1674
       8.007	0.166459
       8.008	0.166214
       8.009	0.166552
        8.01	0.167259
       8.011	0.168095
       8.012	0.168832
       8.013	0.169329
       8.014	0.169545
       8.015	0.169513
       8.016	0.169322
       8.017	0.169061
       8.018	0.168806
       8.019	0.168614
        8.02	0.168512
       8.021	0.168496
       8.022	0.168545
       8.023	0.168634
       8.024	0.168739
       8.025	0.168839
       8.026	0.168922
       8.027	0.168972
       8.028	0.169012
       8.029	0.169031
        8.03	0.169037
       8.031	0.169035
       8.032	0.16903
       8.033	0.169025
       8.034	0.169026
       8.035	0.16903
       8.036	0.16904
       8.037	0.169056
       8.038	0.169077
       8.039	0.169102
        8.04	0.169136
       8.041	0.169172
       8.042	0.169202
       8.043	0.16924
       8.044	0.169274
       8.045	0.169304
       8.046	0.169329
       8.047	0.169348
       8.048	0.169362
       8.049	0.169372
        8.05	0.169379
       8.051	0.169381
       8.052	0.16938
       8.053	0.169375
       8.054	0.169368
       8.055	0.169358
       8.056	0.169345
       8.057	0.16933
       8.058	0.169312
       8.059	0.169293
        8.06	0.169271
       8.061	0.169248
       8.062	0.169224
       8.063	0.169199
       8.064	0.169174
       8.065	0.169149
       8.066	0.169124
       8.067	0.1691
       8.068	0.169076
       8.069	0.169054
        8.07	0.169034
       8.071	0.169015
       8.072	0.168998
       8.073	0.168982
       8.074	0.168969
       8.075	0.168957
       8.076	0.168948
       8.077	0.16894
       8.078	0.168935
       8.079	0.168932
        8.08	0.16893
       8.081	0.16893
       8.082	0.168932
       8.083	0.168935
       8.084	0.16894
       8.085	0.168945
       8.086	0.16895
       8.087	0.168956
       8.088	0.168962
       8.089	0.168968
        8.09	0.168973
       8.091	0.168978
       8.092	0.168982
       8.093	0.168985
       8.094	0.168987
       8.095	0.168987
       8.096	0.168987
       8.097	0.168986
       8.098	0.168984
       8.099	0.168981
         8.1	0.168977
       8.101	0.168973
       8.102	0.168969
       8.103	0.168964
       8.104	0.168959
       8.105	0.168955
       8.106	0.168951
       8.107	0.168947
       8.108	0.168944
       8.109	0.168942
        8.11	0.168942
       8.111	0.168943
       8.112	0.168946
       8.113	0.168952
       8.114	0.168959
       8.115	0.168969
       8.116	0.16898
       8.117	0.168993
       8.118	0.169007
       8.119	0.169022
        8.12	0.169037
       8.121	0.169052
       8.122	0.169066
       8.123	0.16908
       8.124	0.169093
       8.125	0.169106
       8.126	0.169117
       8.127	0.169126
       8.128	0.169135
       8.129	0.169142
        8.13	0.169147
       8.131	0.169151
       8.132	0.169153
       8.133	0.169154
       8.134	0.169154
       8.135	0.169152
       8.136	0.169149
       8.137	0.169145
       8.138	0.169139
       8.139	0.169133
        8.14	0.169125
       8.141	0.169117
       8.142	0.169109
       8.143	0.1691
       8.144	0.169092
       8.145	0.169084
       8.146	0.169077
       8.147	0.16907
       8.148	0.169064
       8.149	0.169058
        8.15	0.169052
       8.151	0.169046
       8.152	0.169041
       8.153	0.169036
       8.154	0.169031
       8.155	0.169027
       8.156	0.169023
       8.157	0.169019
       8.158	0.169016
       8.159	0.169013
        8.16	0.169011
       8.161	0.169009
       8.162	0.169007
       8.163	0.169006
       8.164	0.169005
       8.165	0.169005
       8.166	0.169005
       8.167	0.169005
       8.168	0.169006
       8.169	0.169007
        8.17	0.169007
       8.171	0.169008
       8.172	0.169009
       8.173	0.16901
       8.174	0.169011
       8.175	0.169012
       8.176	0.169014
       8.177	0.169017
       8.178	0.16902
       8.179	0.169023
        8.18	0.169027
       8.181	0.169032
       8.182	0.169037
       8.183	0.169044
       8.184	0.169051
       8.185	0.169059
       8.186	0.169068
       8.187	0.169078
       8.188	0.16909
       8.189	0.169103
        8.19	0.169117
       8.191	0.169132
       8.192	0.169148
       8.193	0.169165
       8.194	0.169183
       8.195	0.169202
       8.196	0.169221
       8.197	0.169239
       8.198	0.169257
       8.199	0.169274
         8.2	0.169289
       8.201	0.169302
       8.202	0.169314
       8.203	0.169324
       8.204	0.169332
       8.205	0.169339
       8.206	0.169344
       8.207	0.169348
       8.208	0.169351
       8.209	0.169354
        8.21	0.169355
       8.211	0.169355
       8.212	0.169355
       8.213	0.169353
       8.214	0.169349
       8.215	0.169344
       8.216	0.169338
       8.217	0.16933
       8.218	0.169322
       8.219	0.169311
        8.22	0.1693
       8.221	0.169288
       8.222	0.169275
       8.223	0.169261
       8.224	0.169246
       8.225	0.169231
       8.226	0.169215
       8.227	0.1692
       8.228	0.169184
       8.229	0.169168
        8.23	0.169152
       8.231	0.169137
       8.232	0.169122
       8.233	0.169108
       8.234	0.169095
       8.235	0.169082
       8.236	0.169071
       8.237	0.169061
       8.238	0.169052
       8.239	0.169045
        8.24	0.169039
       8.241	0.169033
       8.242	0.169028
       8.243	0.169024
       8.244	0.169021
       8.245	0.169018
       8.246	0.169015
       8.247	0.169011
       8.248	0.169008
       8.249	0.169005
        8.25	0.169002
       8.251	0.168998
       8.252	0.168995
       8.253	0.168992
       8.254	0.168989
       8.255	0.168986
       8.256	0.168983
       8.257	0.168981
       8.258	0.168979
       8.259	0.168978
        8.26	0.168978
       8.261	0.168979
       8.262	0.168981
       8.263	0.168985
       8.264	0.168989
       8.265	0.168995
       8.266	0.169002
       8.267	0.16901
       8.268	0.169019
       8.269	0.16903
        8.27	0.169041
       8.271	0.169053
       8.272	0.169066
       8.273	0.16908
       8.274	0.169094
       8.275	0.169107
       8.276	0.16912
       8.277	0.169133
       8.278	0.169144
       8.279	0.169153
        8.28	0.169162
       8.281	0.169168
       8.282	0.169173
       8.283	0.169176
       8.284	0.169178
       8.285	0.169178
       8.286	0.169176
       8.287	0.169173
       8.288	0.169168
       8.289	0.169162
        8.29	0.169154
       8.291	0.169145
       8.292	0.169135
       8.293	0.169124
       8.294	0.169113
       8.295	0.1691
       8.296	0.169087
       8.297	0.169074
       8.298	0.169062
       8.299	0.169049
         8.3	0.169037
       8.301	0.169026
       8.302	0.169016
       8.303	0.169008
       8.304	0.169
       8.305	0.168994
       8.306	0.168989
       8.307	0.168985
       8.308	0.168984
       8.309	0.168983
        8.31	0.168984
       8.311	0.168986
       8.312	0.168989
       8.313	0.168994
       8.314	0.168999
       8.315	0.169004
       8.316	0.169011
       8.317	0.169017
       8.318	0.169023
       8.319	0.16903
        8.32	0.169037
       8.321	0.169043
       8.322	0.169049
       8.323	0.169054
       8.324	0.169059
       8.325	0.169063
       8.326	0.169066
       8.327	0.169069
       8.328	0.169071
       8.329	0.169072
        8.33	0.169074
       8.331	0.169074
       8.332	0.169075
       8.333	0.169076
       8.334	0.169077
       8.335	0.169078
       8.336	0.16908
       8.337	0.169083
       8.338	0.169087
       8.339	0.169091
        8.34	0.169096
       8.341	0.169102
       8.342	0.16911
       8.343	0.169119
       8.344	0.169128
       8.345	0.169139
       8.346	0.169151
       8.347	0.169164
       8.348	0.169177
       8.349	0.169191
        8.35	0.169205
       8.351	0.169218
       8.352	0.169231
       8.353	0.169242
       8.354	0.169253
       8.355	0.169261
       8.356	0.169267
       8.357	0.169271
       8.358	0.169273
       8.359	0.169273
        8.36	0.169271
       8.361	0.169266
       8.362	0.16926
       8.363	0.169251
       8.364	0.169241
       8.365	0.16923
       8.366	0.169217
       8.367	0.169202
       8.368	0.169187
       8.369	0.16917
        8.37	0.169153
       8.371	0.169135
       8.372	0.169116
       8.373	0.169096
       8.374	0.169076
       8.375	0.169056
       8.376	0.169036
       8.377	0.169015
       8.378	0.168995
       8.379	0.168975
        8.38	0.168956
       8.381	0.168937
       8.382	0.168919
       8.383	0.168902
       8.384	0.168886
       8.385	0.168871
       8.386	0.168857
       8.387	0.168844
       8.388	0.168832
       8.389	0.168821
        8.39	0.168812
       8.391	0.168804
       8.392	0.168797
       8.393	0.168792
       8.394	0.168788
       8.395	0.168785
       8.396	0.168785
       8.397	0.168784
       8.398	0.168786
       8.399	0.168789
         8.4	0.168793
       8.401	0.168797
       8.402	0.168803
       8.403	0.168809
       8.404	0.168817
       8.405	0.168827
       8.406	0.168837
       8.407	0.168849
       8.408	0.168863
       8.409	0.168877
        8.41	0.168892
       8.411	0.168908
       8.412	0.168924
       8.413	0.16894
       8.414	0.168957
       8.415	0.168975
       8.416	0.168992
       8.417	0.169011
       8.418	0.169029
       8.419	0.169048
        8.42	0.169068
       8.421	0.169087
       8.422	0.169106
       8.423	0.169125
       8.424	0.169144
       8.425	0.169162
       8.426	0.169179
       8.427	0.169195
       8.428	0.169209
       8.429	0.169223
        8.43	0.169236
       8.431	0.169246
       8.432	0.169253
       8.433	0.16926
       8.434	0.169265
       8.435	0.169267
       8.436	0.169268
       8.437	0.169267
       8.438	0.169265
       8.439	0.169262
        8.44	0.169257
       8.441	0.16925
       8.442	0.169242
       8.443	0.169233
       8.444	0.169221
       8.445	0.169209
       8.446	0.169194
       8.447	0.169179
       8.448	0.169162
       8.449	0.169144
        8.45	0.169126
       8.451	0.169107
       8.452	0.169088
       8.453	0.169069
       8.454	0.16905
       8.455	0.169031
       8.456	0.169013
       8.457	0.168995
       8.458	0.168977
       8.459	0.16896
        8.46	0.168944
       8.461	0.168929
       8.462	0.168914
       8.463	0.1689
       8.464	0.168887
       8.465	0.168874
       8.466	0.168863
       8.467	0.168852
       8.468	0.168842
       8.469	0.168832
        8.47	0.168824
       8.471	0.168816
       8.472	0.168809
       8.473	0.168802
       8.474	0.168796
       8.475	0.168791
       8.476	0.168786
       8.477	0.168782
       8.478	0.168778
       8.479	0.168775
        8.48	0.168773
       8.481	0.168772
       8.482	0.168771
       8.483	0.168772
       8.484	0.168773
       8.485	0.168776
       8.486	0.16878
       8.487	0.168785
       8.488	0.168791
       8.489	0.168798
        8.49	0.168807
       8.491	0.168817
       8.492	0.168828
       8.493	0.16884
       8.494	0.168854
       8.495	0.168869
       8.496	0.168886
       8.497	0.168904
       8.498	0.168924
       8.499	0.168944
         8.5	0.168966
       8.501	0.168988
       8.502	0.169009
       8.503	0.169031
       8.504	0.169051
       8.505	0.16907
       8.506	0.169087
       8.507	0.169103
       8.508	0.169116
       8.509	0.169128
        8.51	0.169136
       8.511	0.169143
       8.512	0.169147
       8.513	0.169148
       8.514	0.169148
       8.515	0.169144
       8.516	0.169139
       8.517	0.169132
       8.518	0.169123
       8.519	0.169112
        8.52	0.1691
       8.521	0.169087
       8.522	0.169073
       8.523	0.169059
       8.524	0.169044
       8.525	0.16903
       8.526	0.169016
       8.527	0.169002
       8.528	0.16899
       8.529	0.168978
        8.53	0.168968
       8.531	0.168959
       8.532	0.16895
       8.533	0.168943
       8.534	0.168937
       8.535	0.168931
       8.536	0.168926
       8.537	0.168922
       8.538	0.168919
       8.539	0.168916
        8.54	0.168914
       8.541	0.168913
       8.542	0.168911
       8.543	0.16891
       8.544	0.168909
       8.545	0.168909
       8.546	0.168908
       8.547	0.168907
       8.548	0.168906
       8.549	0.168905
        8.55	0.168904
       8.551	0.168902
       8.552	0.168901
       8.553	0.1689
       8.554	0.168898
       8.555	0.168897
       8.556	0.168895
       8.557	0.168893
       8.558	0.168891
       8.559	0.168889
        8.56	0.168887
       8.561	0.168885
       8.562	0.168884
       8.563	0.168883
       8.564	0.168882
       8.565	0.168883
       8.566	0.168884
       8.567	0.168887
       8.568	0.168891
       8.569	0.168897
        8.57	0.168903
       8.571	0.168911
       8.572	0.16892
       8.573	0.16893
       8.574	0.16894
       8.575	0.168951
       8.576	0.168961
       8.577	0.168972
       8.578	0.168982
       8.579	0.168992
        8.58	0.169
       8.581	0.169008
       8.582	0.169014
       8.583	0.169018
       8.584	0.169021
       8.585	0.169023
       8.586	0.169023
       8.587	0.169021
       8.588	0.169018
       8.589	0.169014
        8.59	0.169008
       8.591	0.169001
       8.592	0.168993
       8.593	0.168985
       8.594	0.168975
       8.595	0.168966
       8.596	0.168956
       8.597	0.168947
       8.598	0.168937
       8.599	0.168928
         8.6	0.168919
       8.601	0.16891
       8.602	0.168902
       8.603	0.168894
       8.604	0.168888
       8.605	0.168881
       8.606	0.168876
       8.607	0.168871
       8.608	0.168866
       8.609	0.168862
        8.61	0.168858
       8.611	0.168855
       8.612	0.168853
       8.613	0.168852
       8.614	0.168851
       8.615	0.168851
       8.616	0.168852
       8.617	0.168854
       8.618	0.168857
       8.619	0.168861
        8.62	0.168865
       8.621	0.16887
       8.622	0.168876
       8.623	0.168883
       8.624	0.168889
       8.625	0.168897
       8.626	0.168904
       8.627	0.168912
       8.628	0.16892
       8.629	0.168928
        8.63	0.168936
       8.631	0.168944
       8.632	0.168952
       8.633	0.16896
       8.634	0.168967
       8.635	0.168973
       8.636	0.16898
       8.637	0.168985
       8.638	0.168991
       8.639	0.168997
        8.64	0.169002
       8.641	0.169007
       8.642	0.169012
       8.643	0.169017
       8.644	0.169021
       8.645	0.169025
       8.646	0.169028
       8.647	0.16903
       8.648	0.169032
       8.649	0.169034
        8.65	0.169035
       8.651	0.169036
       8.652	0.169037
       8.653	0.169037
       8.654	0.169037
       8.655	0.169036
       8.656	0.169034
       8.657	0.169031
       8.658	0.169026
       8.659	0.169021
        8.66	0.169015
       8.661	0.169007
       8.662	0.168999
       8.663	0.16899
       8.664	0.16898
       8.665	0.168969
       8.666	0.168958
       8.667	0.168947
       8.668	0.168935
       8.669	0.168922
        8.67	0.168908
       8.671	0.168894
       8.672	0.168879
       8.673	0.168864
       8.674	0.168848
       8.675	0.168832
       8.676	0.168816
       8.677	0.168801
       8.678	0.168785
       8.679	0.16877
        8.68	0.168756
       8.681	0.168742
       8.682	0.168729
       8.683	0.168717
       8.684	0.168705
       8.685	0.168695
       8.686	0.168686
       8.687	0.168677
       8.688	0.16867
       8.689	0.168664
        8.69	0.16866
       8.691	0.168657
       8.692	0.168657
       8.693	0.168658
       8.694	0.168661
       8.695	0.168666
       8.696	0.168672
       8.697	0.168681
       8.698	0.168691
       8.699	0.168703
         8.7	0.168716
       8.701	0.16873
       8.702	0.168746
       8.703	0.168761
       8.704	0.168778
       8.705	0.168795
       8.706	0.168812
       8.707	0.168829
       8.708	0.168845
       8.709	0.168862
        8.71	0.168879
       8.711	0.168895
       8.712	0.168911
       8.713	0.168927
       8.714	0.168944
       8.715	0.16896
       8.716	0.168976
       8.717	0.168993
       8.718	0.169009
       8.719	0.169026
        8.72	0.169043
       8.721	0.16906
       8.722	0.169077
       8.723	0.169094
       8.724	0.169112
       8.725	0.169129
       8.726	0.169146
       8.727	0.169162
       8.728	0.169177
       8.729	0.169191
        8.73	0.169203
       8.731	0.169214
       8.732	0.169222
       8.733	0.169228
       8.734	0.169232
       8.735	0.169232
       8.736	0.16923
       8.737	0.169225
       8.738	0.169217
       8.739	0.169206
        8.74	0.169192
       8.741	0.169175
       8.742	0.169157
       8.743	0.169136
       8.744	0.169113
       8.745	0.169089
       8.746	0.169064
       8.747	0.169038
       8.748	0.169011
       8.749	0.168983
        8.75	0.168956
       8.751	0.168929
       8.752	0.168902
       8.753	0.168876
       8.754	0.16885
       8.755	0.168826
       8.756	0.168802
       8.757	0.16878
       8.758	0.168759
       8.759	0.16874
        8.76	0.168722
       8.761	0.168705
       8.762	0.16869
       8.763	0.168676
       8.764	0.168664
       8.765	0.168654
       8.766	0.168645
       8.767	0.168637
       8.768	0.168631
       8.769	0.168626
        8.77	0.168623
       8.771	0.16862
       8.772	0.168619
       8.773	0.168618
       8.774	0.168619
       8.775	0.16862
       8.776	0.168622
       8.777	0.168624
       8.778	0.168626
       8.779	0.168629
        8.78	0.168631
       8.781	0.168633
       8.782	0.168636
       8.783	0.168638
       8.784	0.168642
       8.785	0.168645
       8.786	0.16865
       8.787	0.168655
       8.788	0.168662
       8.789	0.168671
        8.79	0.168681
       8.791	0.168693
       8.792	0.168708
       8.793	0.168724
       8.794	0.168743
       8.795	0.168765
       8.796	0.168788
       8.797	0.168814
       8.798	0.168841
       8.799	0.16887
         8.8	0.1689
       8.801	0.16893
       8.802	0.168961
       8.803	0.168991
       8.804	0.169021
       8.805	0.169049
       8.806	0.169076
       8.807	0.169101
       8.808	0.169124
       8.809	0.169145
        8.81	0.169164
       8.811	0.169179
       8.812	0.169193
       8.813	0.169203
       8.814	0.16921
       8.815	0.169215
       8.816	0.169216
       8.817	0.169215
       8.818	0.169211
       8.819	0.169205
        8.82	0.169197
       8.821	0.169186
       8.822	0.169173
       8.823	0.169159
       8.824	0.169144
       8.825	0.169127
       8.826	0.16911
       8.827	0.169092
       8.828	0.169075
       8.829	0.169056
        8.83	0.169037
       8.831	0.169018
       8.832	0.168999
       8.833	0.168981
       8.834	0.168964
       8.835	0.168947
       8.836	0.168932
       8.837	0.168918
       8.838	0.168906
       8.839	0.168895
        8.84	0.168886
       8.841	0.168878
       8.842	0.168872
       8.843	0.168867
       8.844	0.168864
       8.845	0.168861
       8.846	0.16886
       8.847	0.16886
       8.848	0.16886
       8.849	0.168861
        8.85	0.168862
       8.851	0.168863
       8.852	0.168863
       8.853	0.168863
       8.854	0.168862
       8.855	0.16886
       8.856	0.168858
       8.857	0.168854
       8.858	0.168851
       8.859	0.168846
        8.86	0.168841
       8.861	0.168836
       8.862	0.16883
       8.863	0.168824
       8.864	0.168819
       8.865	0.168814
       8.866	0.168809
       8.867	0.168805
       8.868	0.168801
       8.869	0.168799
        8.87	0.168797
       8.871	0.168796
       8.872	0.168796
       8.873	0.168798
       8.874	0.168801
       8.875	0.168805
       8.876	0.168811
       8.877	0.168818
       8.878	0.168826
       8.879	0.168834
        8.88	0.168843
       8.881	0.168852
       8.882	0.168861
       8.883	0.16887
       8.884	0.168878
       8.885	0.168887
       8.886	0.168895
       8.887	0.168902
       8.888	0.16891
       8.889	0.168917
        8.89	0.168924
       8.891	0.168929
       8.892	0.168935
       8.893	0.168939
       8.894	0.168942
       8.895	0.168944
       8.896	0.168944
       8.897	0.168943
       8.898	0.168941
       8.899	0.168938
         8.9	0.168934
       8.901	0.168929
       8.902	0.168924
       8.903	0.168918
       8.904	0.168911
       8.905	0.168904
       8.906	0.168896
       8.907	0.168889
       8.908	0.168882
       8.909	0.168875
        8.91	0.168869
       8.911	0.168864
       8.912	0.168859
       8.913	0.168856
       8.914	0.168853
       8.915	0.168852
       8.916	0.168851
       8.917	0.168852
       8.918	0.168853
       8.919	0.168856
        8.92	0.168859
       8.921	0.168862
       8.922	0.168866
       8.923	0.16887
       8.924	0.168874
       8.925	0.168878
       8.926	0.168881
       8.927	0.168884
       8.928	0.168886
       8.929	0.168888
        8.93	0.168889
       8.931	0.16889
       8.932	0.168892
       8.933	0.168893
       8.934	0.168894
       8.935	0.168895
       8.936	0.168896
       8.937	0.168897
       8.938	0.1689
       8.939	0.168903
        8.94	0.168907
       8.941	0.168911
       8.942	0.168917
       8.943	0.168925
       8.944	0.168933
       8.945	0.168943
       8.946	0.168954
       8.947	0.168967
       8.948	0.16898
       8.949	0.168995
        8.95	0.16901
       8.951	0.169026
       8.952	0.169043
       8.953	0.169059
       8.954	0.169074
       8.955	0.169089
       8.956	0.169102
       8.957	0.169113
       8.958	0.169122
       8.959	0.169129
        8.96	0.169132
       8.961	0.169133
       8.962	0.169131
       8.963	0.169126
       8.964	0.169118
       8.965	0.169107
       8.966	0.169093
       8.967	0.169077
       8.968	0.169059
       8.969	0.169039
        8.97	0.169018
       8.971	0.168996
       8.972	0.168973
       8.973	0.168949
       8.974	0.168925
       8.975	0.168901
       8.976	0.168876
       8.977	0.168852
       8.978	0.168828
       8.979	0.168805
        8.98	0.168784
       8.981	0.168765
       8.982	0.168747
       8.983	0.168732
       8.984	0.16872
       8.985	0.16871
       8.986	0.168703
       8.987	0.168698
       8.988	0.168696
       8.989	0.168695
        8.99	0.168696
       8.991	0.168699
       8.992	0.168703
       8.993	0.168707
       8.994	0.168712
       8.995	0.168716
       8.996	0.168721
       8.997	0.168725
       8.998	0.168728
       8.999	0.168732
           9	0.168734

       8.001	0.17161
       8.002	0.172027
       8.003	0.171638
       8.004	0.170629
       8.005	0.169384
       8.006	0.168293
       8.007	0.167613
       8.008	0.167416
       8.009	0.167634
        8.01	0.168123
       8.011	0.168705
       8.012	0.169219
       8.013	0.169567
       8.014	0.169717
       8.015	0.169694
       8.016	0.169575
       8.017	0.169408
       8.018	0.16924
       8.019	0.169098
        8.02	0.169034
       8.021	0.169027
       8.022	0.169064
       8.023	0.169131
       8.024	0.169216
       8.025	0.169306
       8.026	0.169389
       8.027	0.16946
       8.028	0.169516
       8.029	0.169556
        8.03	0.169584
       8.031	0.169601
       8.032	0.16961
       8.033	0.169614
       8.034	0.169615
       8.035	0.169614
       8.036	0.169613
       8.037	0.169614
       8.038	0.169617
       8.039	0.169622
        8.04	0.169629
       8.041	0.169636
       8.042	0.169644
       8.043	0.16965
       8.044	0.169655
       8.045	0.169656
       8.046	0.169653
       8.047	0.169646
       8.048	0.169635
       8.049	0.169618
        8.05	0.169598
       8.051	0.169574
       8.052	0.169547
       8.053	0.169519
       8.054	0.169489
       8.055	0.169453
       8.056	0.169427
       8.057	0.169397
       8.058	0.16937
       8.059	0.169346
        8.06	0.169323
       8.061	0.169302
       8.062	0.169281
       8.063	0.16926
       8.064	0.16924
       8.065	0.16922
       8.066	0.169201
       8.067	0.169182
       8.068	0.169165
       8.069	0.169147
        8.07	0.16913
       8.071	0.169115
       8.072	0.169101
       8.073	0.169089
       8.074	0.169079
       8.075	0.169071
       8.076	0.169064
       8.077	0.169059
       8.078	0.169055
       8.079	0.169053
        8.08	0.169052
       8.081	0.169054
       8.082	0.169057
       8.083	0.169063
       8.084	0.169072
       8.085	0.169083
       8.086	0.169097
       8.087	0.169113
       8.088	0.169132
       8.089	0.169153
        8.09	0.169176
       8.091	0.169198
       8.092	0.169225
       8.093	0.169253
       8.094	0.169281
       8.095	0.169309
       8.096	0.169336
       8.097	0.169363
       8.098	0.169389
       8.099	0.169412
         8.1	0.169436
       8.101	0.169459
       8.102	0.169482
       8.103	0.169505
       8.104	0.169525
       8.105	0.169545
       8.106	0.169562
       8.107	0.169578
       8.108	0.169592
       8.109	0.169604
        8.11	0.169616
       8.111	0.169626
       8.112	0.169635
       8.113	0.169643
       8.114	0.16965
       8.115	0.169656
       8.116	0.169661
       8.117	0.169665
       8.118	0.169668
       8.119	0.169669
        8.12	0.16967
       8.121	0.169668
       8.122	0.169666
       8.123	0.169661
       8.124	0.169656
       8.125	0.16965
       8.126	0.169642
       8.127	0.169634
       8.128	0.169625
       8.129	0.169614
        8.13	0.169603
       8.131	0.16959
       8.132	0.169576
       8.133	0.169561
       8.134	0.169544
       8.135	0.169525
       8.136	0.169505
       8.137	0.169484
       8.138	0.16946
       8.139	0.169436
        8.14	0.16941
       8.141	0.169382
       8.142	0.169354
       8.143	0.169325
       8.144	0.169296
       8.145	0.169268
       8.146	0.169239
       8.147	0.169212
       8.148	0.169186
       8.149	0.169162
        8.15	0.16914
       8.151	0.16912
       8.152	0.169102
       8.153	0.169086
       8.154	0.169073
       8.155	0.169062
       8.156	0.169054
       8.157	0.169049
       8.158	0.169046
       8.159	0.169046
        8.16	0.16905
       8.161	0.169056
       8.162	0.169066
       8.163	0.169078
       8.164	0.169092
       8.165	0.169109
       8.166	0.169128
       8.167	0.169148
       8.168	0.169169
       8.169	0.169191
        8.17	0.169213
       8.171	0.169235
       8.172	0.169257
       8.173	0.169279
       8.174	0.169301
       8.175	0.169323
       8.176	0.169345
       8.177	0.169367
       8.178	0.16939
       8.179	0.169413
        8.18	0.169436
       8.181	0.16946
       8.182	0.169485
       8.183	0.169509
       8.184	0.169533
       8.185	0.169556
       8.186	0.169579
       8.187	0.169601
       8.188	0.169622
       8.189	0.169642
        8.19	0.169661
       8.191	0.169679
       8.192	0.169696
       8.193	0.169711
       8.194	0.169726
       8.195	0.169739
       8.196	0.169751
       8.197	0.169761
       8.198	0.169772
       8.199	0.16978
         8.2	0.169786
       8.201	0.16979
       8.202	0.169792
       8.203	0.169791
       8.204	0.169789
       8.205	0.169784
       8.206	0.169776
       8.207	0.169768
       8.208	0.169758
       8.209	0.169745
        8.21	0.169731
       8.211	0.169713
       8.212	0.169694
       8.213	0.169672
       8.214	0.169648
       8.215	0.169623
       8.216	0.169597
       8.217	0.16957
       8.218	0.169542
       8.219	0.169515
        8.22	0.169488
       8.221	0.169462
       8.222	0.169438
       8.223	0.169414
       8.224	0.169393
       8.225	0.169374
       8.226	0.169358
       8.227	0.169345
       8.228	0.169334
       8.229	0.169325
        8.23	0.169321
       8.231	0.169318
       8.232	0.169317
       8.233	0.169318
       8.234	0.169321
       8.235	0.169325
       8.236	0.169331
       8.237	0.169339
       8.238	0.16935
       8.239	0.169361
        8.24	0.169373
       8.241	0.169385
       8.242	0.169396
       8.243	0.169406
       8.244	0.169415
       8.245	0.169423
       8.246	0.169429
       8.247	0.169435
       8.248	0.169439
       8.249	0.169442
        8.25	0.169444
       8.251	0.169446
       8.252	0.169447
       8.253	0.169447
       8.254	0.169448
       8.255	0.16945
       8.256	0.169451
       8.257	0.169454
       8.258	0.169458
       8.259	0.169462
        8.26	0.169467
       8.261	0.169471
       8.262	0.169475
       8.263	0.169478
       8.264	0.169481
       8.265	0.169484
       8.266	0.169487
       8.267	0.16949
       8.268	0.169494
       8.269	0.169497
        8.27	0.169499
       8.271	0.169501
       8.272	0.169502
       8.273	0.169502
       8.274	0.169501
       8.275	0.169499
       8.276	0.169497
       8.277	0.169494
       8.278	0.169491
       8.279	0.169487
        8.28	0.169481
       8.281	0.169473
       8.282	0.169462
       8.283	0.16945
       8.284	0.169435
       8.285	0.169418
       8.286	0.1694
       8.287	0.169382
       8.288	0.169362
       8.289	0.169342
        8.29	0.169323
       8.291	0.169304
       8.292	0.169287
       8.293	0.169271
       8.294	0.169257
       8.295	0.169245
       8.296	0.169235
       8.297	0.169228
       8.298	0.169224
       8.299	0.169225
         8.3	0.169229
       8.301	0.169238
       8.302	0.169251
       8.303	0.169267
       8.304	0.169287
       8.305	0.169309
       8.306	0.169334
       8.307	0.169362
       8.308	0.169391
       8.309	0.169423
        8.31	0.169454
       8.311	0.169486
       8.312	0.169517
       8.313	0.169545
       8.314	0.169571
       8.315	0.169594
       8.316	0.169614
       8.317	0.169629
       8.318	0.169641
       8.319	0.169649
        8.32	0.169654
       8.321	0.169655
       8.322	0.169653
       8.323	0.169648
       8.324	0.169641
       8.325	0.169633
       8.326	0.169624
       8.327	0.169615
       8.328	0.169607
       8.329	0.1696
        8.33	0.169594
       8.331	0.16959
       8.332	0.169588
       8.333	0.169589
       8.334	0.169591
       8.335	0.169595
       8.336	0.1696
       8.337	0.169607
       8.338	0.169614
       8.339	0.169622
        8.34	0.16963
       8.341	0.169639
       8.342	0.169647
       8.343	0.169656
       8.344	0.169664
       8.345	0.16967
       8.346	0.169676
       8.347	0.169679
       8.348	0.169681
       8.349	0.169679
        8.35	0.169673
       8.351	0.169664
       8.352	0.169651
       8.353	0.169633
       8.354	0.169612
       8.355	0.169587
       8.356	0.169558
       8.357	0.169525
       8.358	0.169489
       8.359	0.169451
        8.36	0.16941
       8.361	0.169369
       8.362	0.169326
       8.363	0.169283
       8.364	0.169241
       8.365	0.1692
       8.366	0.169162
       8.367	0.169128
       8.368	0.169097
       8.369	0.169069
        8.37	0.169047
       8.371	0.169029
       8.372	0.169017
       8.373	0.169012
       8.374	0.169013
       8.375	0.16902
       8.376	0.169035
       8.377	0.169055
       8.378	0.169084
       8.379	0.169119
        8.38	0.169159
       8.381	0.169204
       8.382	0.169251
       8.383	0.169299
       8.384	0.169348
       8.385	0.169397
       8.386	0.169444
       8.387	0.169488
       8.388	0.16953
       8.389	0.169568
        8.39	0.169602
       8.391	0.169631
       8.392	0.169655
       8.393	0.169674
       8.394	0.169688
       8.395	0.169698
       8.396	0.169704
       8.397	0.169707
       8.398	0.169706
       8.399	0.169703
         8.4	0.169701
       8.401	0.169699
       8.402	0.1697
       8.403	0.169702
       8.404	0.169707
       8.405	0.169715
       8.406	0.169724
       8.407	0.169735
       8.408	0.169748
       8.409	0.169761
        8.41	0.169777
       8.411	0.169794
       8.412	0.169812
       8.413	0.169831
       8.414	0.169852
       8.415	0.169873
       8.416	0.169894
       8.417	0.169916
       8.418	0.169939
       8.419	0.16996
        8.42	0.169979
       8.421	0.169999
       8.422	0.170017
       8.423	0.170031
       8.424	0.17004
       8.425	0.170044
       8.426	0.170042
       8.427	0.170035
       8.428	0.170022
       8.429	0.170004
        8.43	0.169981
       8.431	0.169952
       8.432	0.16992
       8.433	0.169883
       8.434	0.169843
       8.435	0.1698
       8.436	0.169756
       8.437	0.169711
       8.438	0.169666
       8.439	0.16962
        8.44	0.169576
       8.441	0.169533
       8.442	0.169493
       8.443	0.169456
       8.444	0.169422
       8.445	0.169392
       8.446	0.169367
       8.447	0.169345
       8.448	0.169327
       8.449	0.169313
        8.45	0.169304
       8.451	0.169298
       8.452	0.169298
       8.453	0.1693
       8.454	0.169305
       8.455	0.169313
       8.456	0.169323
       8.457	0.169335
       8.458	0.169348
       8.459	0.16936
        8.46	0.169373
       8.461	0.169383
       8.462	0.169393
       8.463	0.169399
       8.464	0.169404
       8.465	0.169405
       8.466	0.169405
       8.467	0.169401
       8.468	0.169395
       8.469	0.169388
        8.47	0.169379
       8.471	0.16937
       8.472	0.169361
       8.473	0.169353
       8.474	0.169347
       8.475	0.169343
       8.476	0.169341
       8.477	0.169342
       8.478	0.169346
       8.479	0.169353
        8.48	0.169363
       8.481	0.169376
       8.482	0.169394
       8.483	0.169412
       8.484	0.169433
       8.485	0.169457
       8.486	0.169487
       8.487	0.169515
       8.488	0.169544
       8.489	0.169576
        8.49	0.169608
       8.491	0.169642
       8.492	0.169675
       8.493	0.169713
       8.494	0.169742
       8.495	0.169773
       8.496	0.1698
       8.497	0.169822
       8.498	0.16984
       8.499	0.169854
         8.5	0.169865
       8.501	0.169873
       8.502	0.169878
       8.503	0.169879
       8.504	0.169877
       8.505	0.169872
       8.506	0.169864
       8.507	0.169854
       8.508	0.169841
       8.509	0.169827
        8.51	0.169811
       8.511	0.169795
       8.512	0.169779
       8.513	0.169762
       8.514	0.169746
       8.515	0.169731
       8.516	0.169718
       8.517	0.169707
       8.518	0.169698
       8.519	0.169691
        8.52	0.169686
       8.521	0.169684
       8.522	0.169684
       8.523	0.169686
       8.524	0.16969
       8.525	0.169696
       8.526	0.169703
       8.527	0.169712
       8.528	0.169722
       8.529	0.169732
        8.53	0.169742
       8.531	0.169751
       8.532	0.169758
       8.533	0.169762
       8.534	0.169763
       8.535	0.169761
       8.536	0.169756
       8.537	0.169747
       8.538	0.169735
       8.539	0.169719
        8.54	0.1697
       8.541	0.169679
       8.542	0.169655
       8.543	0.16963
       8.544	0.169604
       8.545	0.169577
       8.546	0.169551
       8.547	0.169526
       8.548	0.169503
       8.549	0.169482
        8.55	0.169464
       8.551	0.169449
       8.552	0.169437
       8.553	0.169429
       8.554	0.169424
       8.555	0.169422
       8.556	0.169424
       8.557	0.169429
       8.558	0.169437
       8.559	0.169449
        8.56	0.169463
       8.561	0.16948
       8.562	0.1695
       8.563	0.169519
       8.564	0.16954
       8.565	0.169565
       8.566	0.169586
       8.567	0.169608
       8.568	0.169632
       8.569	0.169653
        8.57	0.169671
       8.571	0.169685
       8.572	0.169695
       8.573	0.169702
       8.574	0.169706
       8.575	0.169707
       8.576	0.169704
       8.577	0.169699
       8.578	0.169692
       8.579	0.169682
        8.58	0.16967
       8.581	0.169657
       8.582	0.169642
       8.583	0.169627
       8.584	0.169611
       8.585	0.169594
       8.586	0.169579
       8.587	0.169564
       8.588	0.16955
       8.589	0.169538
        8.59	0.169529
       8.591	0.169522
       8.592	0.169518
       8.593	0.169518
       8.594	0.169521
       8.595	0.169527
       8.596	0.169537
       8.597	0.169548
       8.598	0.169563
       8.599	0.169579
         8.6	0.169598
       8.601	0.169619
       8.602	0.16964
       8.603	0.169663
       8.604	0.169685
       8.605	0.169706
       8.606	0.169726
       8.607	0.169744
       8.608	0.169758
       8.609	0.169769
        8.61	0.169777
       8.611	0.169781
       8.612	0.169782
       8.613	0.16978
       8.614	0.169774
       8.615	0.169766
       8.616	0.169755
       8.617	0.169743
       8.618	0.169728
       8.619	0.169715
        8.62	0.1697
       8.621	0.169689
       8.622	0.169677
       8.623	0.169667
       8.624	0.169661
       8.625	0.169657
       8.626	0.169657
       8.627	0.16966
       8.628	0.169667
       8.629	0.169675
        8.63	0.169686
       8.631	0.169699
       8.632	0.169713
       8.633	0.169729
       8.634	0.169746
       8.635	0.169763
       8.636	0.169781
       8.637	0.169801
       8.638	0.169818
       8.639	0.169836
        8.64	0.169853
       8.641	0.169865
       8.642	0.169877
       8.643	0.169887
       8.644	0.169893
       8.645	0.169894
       8.646	0.169892
       8.647	0.169887
       8.648	0.169878
       8.649	0.169865
        8.65	0.169851
       8.651	0.169832
       8.652	0.16981
       8.653	0.169787
       8.654	0.169768
       8.655	0.169742
       8.656	0.169718
       8.657	0.169694
       8.658	0.169671
       8.659	0.169651
        8.66	0.169632
       8.661	0.169615
       8.662	0.1696
       8.663	0.169587
       8.664	0.169575
       8.665	0.169565
       8.666	0.169557
       8.667	0.169551
       8.668	0.169547
       8.669	0.169546
        8.67	0.169547
       8.671	0.16955
       8.672	0.169553
       8.673	0.169556
       8.674	0.169559
       8.675	0.169562
       8.676	0.169564
       8.677	0.169565
       8.678	0.169563
       8.679	0.16956
        8.68	0.169554
       8.681	0.169544
       8.682	0.169533
       8.683	0.169518
       8.684	0.169501
       8.685	0.169482
       8.686	0.169461
       8.687	0.16944
       8.688	0.16942
       8.689	0.1694
        8.69	0.169382
       8.691	0.169366
       8.692	0.169353
       8.693	0.169342
       8.694	0.169334
       8.695	0.16933
       8.696	0.16933
       8.697	0.169334
       8.698	0.169343
       8.699	0.169356
         8.7	0.169374
       8.701	0.169396
       8.702	0.169422
       8.703	0.169451
       8.704	0.169484
       8.705	0.16952
       8.706	0.169563
       8.707	0.169601
       8.708	0.169639
       8.709	0.169679
        8.71	0.169724
       8.711	0.169766
       8.712	0.169804
       8.713	0.169839
       8.714	0.169874
       8.715	0.169903
       8.716	0.169927
       8.717	0.16995
       8.718	0.16997
       8.719	0.169985
        8.72	0.169996
       8.721	0.170001
       8.722	0.170002
       8.723	0.169998
       8.724	0.169991
       8.725	0.169981
       8.726	0.169969
       8.727	0.169955
       8.728	0.169941
       8.729	0.169926
        8.73	0.169912
       8.731	0.169898
       8.732	0.169885
       8.733	0.169874
       8.734	0.169864
       8.735	0.169856
       8.736	0.169848
       8.737	0.169841
       8.738	0.169835
       8.739	0.16983
        8.74	0.169825
       8.741	0.169821
       8.742	0.169817
       8.743	0.169813
       8.744	0.16981
       8.745	0.169806
       8.746	0.169801
       8.747	0.169795
       8.748	0.169788
       8.749	0.169779
        8.75	0.169767
       8.751	0.169752
       8.752	0.169734
       8.753	0.169712
       8.754	0.169688
       8.755	0.169659
       8.756	0.169627
       8.757	0.169593
       8.758	0.169557
       8.759	0.16952
        8.76	0.169483
       8.761	0.169447
       8.762	0.169412
       8.763	0.169379
       8.764	0.169348
       8.765	0.169321
       8.766	0.169299
       8.767	0.16928
       8.768	0.169266
       8.769	0.169257
        8.77	0.169253
       8.771	0.169253
       8.772	0.169258
       8.773	0.169267
       8.774	0.16928
       8.775	0.169296
       8.776	0.169317
       8.777	0.16934
       8.778	0.169367
       8.779	0.169397
        8.78	0.169428
       8.781	0.169461
       8.782	0.169494
       8.783	0.169527
       8.784	0.169559
       8.785	0.169589
       8.786	0.169617
       8.787	0.169642
       8.788	0.169665
       8.789	0.169684
        8.79	0.169701
       8.791	0.169715
       8.792	0.169727
       8.793	0.169736
       8.794	0.169744
       8.795	0.169749
       8.796	0.169753
       8.797	0.169756
       8.798	0.169759
       8.799	0.169761
         8.8	0.169762
       8.801	0.169764
       8.802	0.169768
       8.803	0.169771
       8.804	0.169776
       8.805	0.169782
       8.806	0.169789
       8.807	0.169797
       8.808	0.169805
       8.809	0.169815
        8.81	0.169826
       8.811	0.169838
       8.812	0.16985
       8.813	0.169864
       8.814	0.169878
       8.815	0.169893
       8.816	0.169908
       8.817	0.169923
       8.818	0.169937
       8.819	0.16995
        8.82	0.16996
       8.821	0.169968
       8.822	0.169973
       8.823	0.169975
       8.824	0.169974
       8.825	0.169969
       8.826	0.169961
       8.827	0.16995
       8.828	0.169935
       8.829	0.169918
        8.83	0.169898
       8.831	0.169876
       8.832	0.169856
       8.833	0.169834
       8.834	0.169811
       8.835	0.169786
       8.836	0.169754
       8.837	0.169731
       8.838	0.16971
       8.839	0.16969
        8.84	0.169671
       8.841	0.169653
       8.842	0.169632
       8.843	0.169615
       8.844	0.169608
       8.845	0.1696
       8.846	0.169596
       8.847	0.169594
       8.848	0.169595
       8.849	0.169598
        8.85	0.169601
       8.851	0.169605
       8.852	0.169608
       8.853	0.16961
       8.854	0.169612
       8.855	0.169611
       8.856	0.16961
       8.857	0.169606
       8.858	0.169601
       8.859	0.169595
        8.86	0.169587
       8.861	0.169578
       8.862	0.169568
       8.863	0.169557
       8.864	0.169546
       8.865	0.169535
       8.866	0.169524
       8.867	0.169514
       8.868	0.169505
       8.869	0.169498
        8.87	0.169492
       8.871	0.169487
       8.872	0.169485
       8.873	0.169483
       8.874	0.169484
       8.875	0.169485
       8.876	0.169489
       8.877	0.169495
       8.878	0.169502
       8.879	0.169511
        8.88	0.169523
       8.881	0.169537
       8.882	0.169553
       8.883	0.16957
       8.884	0.169589
       8.885	0.169609
       8.886	0.16963
       8.887	0.16965
       8.888	0.16967
       8.889	0.169689
        8.89	0.169712
       8.891	0.169727
       8.892	0.169739
       8.893	0.169753
       8.894	0.169763
       8.895	0.169769
       8.896	0.16977
       8.897	0.169766
       8.898	0.169762
       8.899	0.169754
         8.9	0.169744
       8.901	0.169732
       8.902	0.16972
       8.903	0.169707
       8.904	0.169693
       8.905	0.169679
       8.906	0.169664
       8.907	0.169649
       8.908	0.169636
       8.909	0.169624
        8.91	0.169614
       8.911	0.169606
       8.912	0.169602
       8.913	0.169601
       8.914	0.169605
       8.915	0.169612
       8.916	0.169624
       8.917	0.169639
       8.918	0.169658
       8.919	0.169679
        8.92	0.169703
       8.921	0.169729
       8.922	0.169756
       8.923	0.169784
       8.924	0.169812
       8.925	0.169838
       8.926	0.169864
       8.927	0.169889
       8.928	0.169911
       8.929	0.169927
        8.93	0.169941
       8.931	0.16995
       8.932	0.169954
       8.933	0.169954
       8.934	0.16995
       8.935	0.169943
       8.936	0.169932
       8.937	0.169918
       8.938	0.169901
       8.939	0.169883
        8.94	0.169864
       8.941	0.169843
       8.942	0.169821
       8.943	0.169799
       8.944	0.169777
       8.945	0.169755
       8.946	0.169733
       8.947	0.169711
       8.948	0.16969
       8.949	0.169669
        8.95	0.169649
       8.951	0.169628
       8.952	0.169609
       8.953	0.169591
       8.954	0.169573
       8.955	0.169557
       8.956	0.169542
       8.957	0.169528
       8.958	0.169515
       8.959	0.169504
        8.96	0.169494
       8.961	0.169485
       8.962	0.169477
       8.963	0.169472
       8.964	0.169466
       8.965	0.16946
       8.966	0.169453
       8.967	0.169446
       8.968	0.169436
       8.969	0.169426
        8.97	0.169414
       8.971	0.169402
       8.972	0.16939
       8.973	0.169378
       8.974	0.169366
       8.975	0.169356
       8.976	0.169348
       8.977	0.169341
       8.978	0.169336
       8.979	0.169334
        8.98	0.169334
       8.981	0.169337
       8.982	0.169343
       8.983	0.169353
       8.984	0.169366
       8.985	0.169383
       8.986	0.169404
       8.987	0.169428
       8.988	0.169457
       8.989	0.169489
        8.99	0.169525
       8.991	0.169563
       8.992	0.169604
       8.993	0.169647
       8.994	0.16969
       8.995	0.169734
       8.996	0.169781
       8.997	0.169827
       8.998	0.169872
       8.999	0.169915
           9	0.169954

       8.001	0.172024
       8.002	0.172341
       8.003	0.172088
       8.004	0.171403
       8.005	0.170551
       8.006	0.169792
       8.007	0.169306
       8.008	0.169157
       8.009	0.169299
        8.01	0.169623
       8.011	0.170013
       8.012	0.170364
       8.013	0.170609
       8.014	0.170723
       8.015	0.17072
       8.016	0.170638
       8.017	0.170511
       8.018	0.170372
       8.019	0.17025
        8.02	0.170163
       8.021	0.170113
       8.022	0.170097
       8.023	0.170103
       8.024	0.170123
       8.025	0.170149
       8.026	0.170173
       8.027	0.17019
       8.028	0.170198
       8.029	0.170196
        8.03	0.170183
       8.031	0.170161
       8.032	0.170131
       8.033	0.170096
       8.034	0.170057
       8.035	0.170015
       8.036	0.169972
       8.037	0.16993
       8.038	0.169889
       8.039	0.169849
        8.04	0.169812
       8.041	0.169776
       8.042	0.169742
       8.043	0.169709
       8.044	0.169678
       8.045	0.169647
       8.046	0.169618
       8.047	0.169589
       8.048	0.169561
       8.049	0.169534
        8.05	0.169508
       8.051	0.169483
       8.052	0.16946
       8.053	0.169439
       8.054	0.169421
       8.055	0.169406
       8.056	0.169395
       8.057	0.169389
       8.058	0.169388
       8.059	0.169393
        8.06	0.169405
       8.061	0.169422
       8.062	0.169445
       8.063	0.169473
       8.064	0.169507
       8.065	0.169545
       8.066	0.169589
       8.067	0.169635
       8.068	0.169686
       8.069	0.169738
        8.07	0.169791
       8.071	0.169845
       8.072	0.169897
       8.073	0.169948
       8.074	0.169997
       8.075	0.170043
       8.076	0.170085
       8.077	0.170124
       8.078	0.170158
       8.079	0.170189
        8.08	0.170215
       8.081	0.170239
       8.082	0.170259
       8.083	0.170276
       8.084	0.170291
       8.085	0.170304
       8.086	0.170316
       8.087	0.170326
       8.088	0.170335
       8.089	0.170343
        8.09	0.170352
       8.091	0.17036
       8.092	0.170369
       8.093	0.170377
       8.094	0.170386
       8.095	0.170394
       8.096	0.170402
       8.097	0.17041
       8.098	0.170418
       8.099	0.170424
         8.1	0.170429
       8.101	0.170433
       8.102	0.170435
       8.103	0.170434
       8.104	0.170431
       8.105	0.170426
       8.106	0.170417
       8.107	0.170406
       8.108	0.170391
       8.109	0.170373
        8.11	0.170352
       8.111	0.170326
       8.112	0.170297
       8.113	0.170265
       8.114	0.17023
       8.115	0.170193
       8.116	0.170153
       8.117	0.17011
       8.118	0.170066
       8.119	0.170021
        8.12	0.169975
       8.121	0.169929
       8.122	0.169884
       8.123	0.169841
       8.124	0.169799
       8.125	0.16976
       8.126	0.169724
       8.127	0.16969
       8.128	0.169659
       8.129	0.169632
        8.13	0.169609
       8.131	0.16959
       8.132	0.169575
       8.133	0.169564
       8.134	0.169559
       8.135	0.169557
       8.136	0.16956
       8.137	0.169567
       8.138	0.169578
       8.139	0.169592
        8.14	0.169608
       8.141	0.169626
       8.142	0.169646
       8.143	0.169667
       8.144	0.169688
       8.145	0.169709
       8.146	0.169729
       8.147	0.169748
       8.148	0.169767
       8.149	0.169783
        8.15	0.169798
       8.151	0.169812
       8.152	0.169824
       8.153	0.169836
       8.154	0.169847
       8.155	0.169858
       8.156	0.169868
       8.157	0.16988
       8.158	0.169891
       8.159	0.169904
        8.16	0.169918
       8.161	0.169933
       8.162	0.169949
       8.163	0.169966
       8.164	0.169985
       8.165	0.170003
       8.166	0.170022
       8.167	0.170042
       8.168	0.170061
       8.169	0.17008
        8.17	0.1701
       8.171	0.170118
       8.172	0.170135
       8.173	0.170151
       8.174	0.170166
       8.175	0.170178
       8.176	0.170189
       8.177	0.170197
       8.178	0.170203
       8.179	0.170206
        8.18	0.170207
       8.181	0.170204
       8.182	0.170199
       8.183	0.170191
       8.184	0.170181
       8.185	0.170169
       8.186	0.170155
       8.187	0.17014
       8.188	0.170124
       8.189	0.170108
        8.19	0.170092
       8.191	0.170078
       8.192	0.170065
       8.193	0.170053
       8.194	0.170044
       8.195	0.170037
       8.196	0.170033
       8.197	0.170032
       8.198	0.170033
       8.199	0.170037
         8.2	0.170043
       8.201	0.170053
       8.202	0.170065
       8.203	0.17008
       8.204	0.170096
       8.205	0.170114
       8.206	0.170134
       8.207	0.170154
       8.208	0.170174
       8.209	0.170194
        8.21	0.170214
       8.211	0.170233
       8.212	0.170251
       8.213	0.170267
       8.214	0.170281
       8.215	0.170292
       8.216	0.170301
       8.217	0.170306
       8.218	0.170309
       8.219	0.170309
        8.22	0.170305
       8.221	0.170299
       8.222	0.17029
       8.223	0.17028
       8.224	0.170268
       8.225	0.170255
       8.226	0.170241
       8.227	0.170227
       8.228	0.170213
       8.229	0.1702
        8.23	0.170186
       8.231	0.170173
       8.232	0.170159
       8.233	0.170146
       8.234	0.170133
       8.235	0.170119
       8.236	0.170106
       8.237	0.170092
       8.238	0.170078
       8.239	0.170064
        8.24	0.17005
       8.241	0.170036
       8.242	0.170021
       8.243	0.170006
       8.244	0.169989
       8.245	0.169972
       8.246	0.169954
       8.247	0.169935
       8.248	0.169916
       8.249	0.169896
        8.25	0.169875
       8.251	0.169853
       8.252	0.16983
       8.253	0.169807
       8.254	0.169784
       8.255	0.169761
       8.256	0.169739
       8.257	0.169718
       8.258	0.169698
       8.259	0.169681
        8.26	0.169667
       8.261	0.169656
       8.262	0.169648
       8.263	0.169644
       8.264	0.169643
       8.265	0.169647
       8.266	0.169654
       8.267	0.169665
       8.268	0.16968
       8.269	0.169699
        8.27	0.169722
       8.271	0.169749
       8.272	0.16978
       8.273	0.169815
       8.274	0.169852
       8.275	0.169892
       8.276	0.169936
       8.277	0.169983
       8.278	0.170032
       8.279	0.17008
        8.28	0.170128
       8.281	0.170174
       8.282	0.170218
       8.283	0.17026
       8.284	0.170299
       8.285	0.170336
       8.286	0.17037
       8.287	0.170401
       8.288	0.17043
       8.289	0.170455
        8.29	0.170477
       8.291	0.170496
       8.292	0.17051
       8.293	0.17052
       8.294	0.170529
       8.295	0.170536
       8.296	0.170544
       8.297	0.170551
       8.298	0.170557
       8.299	0.170563
         8.3	0.170568
       8.301	0.170571
       8.302	0.170574
       8.303	0.170574
       8.304	0.170573
       8.305	0.17057
       8.306	0.170565
       8.307	0.170558
       8.308	0.170548
       8.309	0.170537
        8.31	0.170522
       8.311	0.170504
       8.312	0.170483
       8.313	0.170461
       8.314	0.170438
       8.315	0.170413
       8.316	0.170386
       8.317	0.170357
       8.318	0.170326
       8.319	0.170293
        8.32	0.170257
       8.321	0.17022
       8.322	0.170182
       8.323	0.170141
       8.324	0.170095
       8.325	0.170047
       8.326	0.169997
       8.327	0.169946
       8.328	0.169893
       8.329	0.169838
        8.33	0.169782
       8.331	0.169728
       8.332	0.169676
       8.333	0.169627
       8.334	0.169581
       8.335	0.16954
       8.336	0.169504
       8.337	0.169473
       8.338	0.169448
       8.339	0.169429
        8.34	0.169417
       8.341	0.16941
       8.342	0.169409
       8.343	0.169414
       8.344	0.169424
       8.345	0.16944
       8.346	0.169461
       8.347	0.169486
       8.348	0.169514
       8.349	0.169546
        8.35	0.16958
       8.351	0.169617
       8.352	0.169656
       8.353	0.169695
       8.354	0.169736
       8.355	0.169777
       8.356	0.169814
       8.357	0.169849
       8.358	0.169882
       8.359	0.169915
        8.36	0.169948
       8.361	0.169979
       8.362	0.17001
       8.363	0.170039
       8.364	0.170067
       8.365	0.170092
       8.366	0.170115
       8.367	0.170136
       8.368	0.170156
       8.369	0.170175
        8.37	0.170193
       8.371	0.170211
       8.372	0.170229
       8.373	0.170247
       8.374	0.170265
       8.375	0.170283
       8.376	0.170302
       8.377	0.170321
       8.378	0.170341
       8.379	0.17036
        8.38	0.17038
       8.381	0.170398
       8.382	0.170417
       8.383	0.170435
       8.384	0.170453
       8.385	0.17047
       8.386	0.170487
       8.387	0.170502
       8.388	0.170516
       8.389	0.170528
        8.39	0.170538
       8.391	0.170545
       8.392	0.17055
       8.393	0.170551
       8.394	0.170548
       8.395	0.17054
       8.396	0.170528
       8.397	0.170512
       8.398	0.17049
       8.399	0.170464
         8.4	0.170435
       8.401	0.170401
       8.402	0.170365
       8.403	0.170325
       8.404	0.170284
       8.405	0.170242
       8.406	0.1702
       8.407	0.170157
       8.408	0.170116
       8.409	0.170077
        8.41	0.170043
       8.411	0.170013
       8.412	0.169988
       8.413	0.169969
       8.414	0.169955
       8.415	0.169947
       8.416	0.169944
       8.417	0.169946
       8.418	0.169953
       8.419	0.169964
        8.42	0.16998
       8.421	0.17
       8.422	0.170022
       8.423	0.170046
       8.424	0.170072
       8.425	0.170099
       8.426	0.170126
       8.427	0.170151
       8.428	0.170175
       8.429	0.170197
        8.43	0.170215
       8.431	0.170229
       8.432	0.170239
       8.433	0.170246
       8.434	0.170248
       8.435	0.170247
       8.436	0.170241
       8.437	0.170232
       8.438	0.17022
       8.439	0.170204
        8.44	0.170187
       8.441	0.170167
       8.442	0.170147
       8.443	0.170126
       8.444	0.170106
       8.445	0.170086
       8.446	0.170067
       8.447	0.170049
       8.448	0.170033
       8.449	0.170018
        8.45	0.170005
       8.451	0.169994
       8.452	0.169985
       8.453	0.169979
       8.454	0.169974
       8.455	0.169972
       8.456	0.169973
       8.457	0.169976
       8.458	0.169981
       8.459	0.169988
        8.46	0.169997
       8.461	0.170007
       8.462	0.170018
       8.463	0.17003
       8.464	0.170041
       8.465	0.170052
       8.466	0.170061
       8.467	0.170069
       8.468	0.170074
       8.469	0.170077
        8.47	0.170078
       8.471	0.170077
       8.472	0.170073
       8.473	0.170066
       8.474	0.170058
       8.475	0.170048
       8.476	0.170037
       8.477	0.170026
       8.478	0.170016
       8.479	0.170007
        8.48	0.17
       8.481	0.169995
       8.482	0.169994
       8.483	0.169995
       8.484	0.170001
       8.485	0.17001
       8.486	0.170023
       8.487	0.170041
       8.488	0.170062
       8.489	0.170088
        8.49	0.170118
       8.491	0.170151
       8.492	0.170187
       8.493	0.170226
       8.494	0.170267
       8.495	0.170308
       8.496	0.170351
       8.497	0.170393
       8.498	0.170436
       8.499	0.170477
         8.5	0.170517
       8.501	0.170554
       8.502	0.170589
       8.503	0.170619
       8.504	0.170646
       8.505	0.170668
       8.506	0.170684
       8.507	0.170696
       8.508	0.170703
       8.509	0.170704
        8.51	0.170702
       8.511	0.170693
       8.512	0.17068
       8.513	0.170665
       8.514	0.17065
       8.515	0.170635
       8.516	0.17062
       8.517	0.170606
       8.518	0.170591
       8.519	0.170576
        8.52	0.17056
       8.521	0.170543
       8.522	0.170526
       8.523	0.170508
       8.524	0.17049
       8.525	0.170471
       8.526	0.170451
       8.527	0.17043
       8.528	0.170408
       8.529	0.170385
        8.53	0.170362
       8.531	0.170337
       8.532	0.170312
       8.533	0.170285
       8.534	0.170258
       8.535	0.170229
       8.536	0.170199
       8.537	0.170168
       8.538	0.170137
       8.539	0.170104
        8.54	0.17007
       8.541	0.170035
       8.542	0.169999
       8.543	0.169961
       8.544	0.169922
       8.545	0.169881
       8.546	0.16984
       8.547	0.169799
       8.548	0.169758
       8.549	0.169717
        8.55	0.169678
       8.551	0.169642
       8.552	0.169609
       8.553	0.169579
       8.554	0.169552
       8.555	0.16953
       8.556	0.169514
       8.557	0.169505
       8.558	0.169502
       8.559	0.169506
        8.56	0.169516
       8.561	0.169532
       8.562	0.169554
       8.563	0.169581
       8.564	0.169613
       8.565	0.169649
       8.566	0.169689
       8.567	0.169733
       8.568	0.16978
       8.569	0.169829
        8.57	0.169879
       8.571	0.16993
       8.572	0.169982
       8.573	0.170033
       8.574	0.170084
       8.575	0.170134
       8.576	0.170182
       8.577	0.170227
       8.578	0.170269
       8.579	0.170307
        8.58	0.170342
       8.581	0.170373
       8.582	0.170399
       8.583	0.170422
       8.584	0.170443
       8.585	0.170461
       8.586	0.170476
       8.587	0.170487
       8.588	0.170494
       8.589	0.170499
        8.59	0.170501
       8.591	0.170503
       8.592	0.170505
       8.593	0.170507
       8.594	0.170511
       8.595	0.170516
       8.596	0.170522
       8.597	0.17053
       8.598	0.170539
       8.599	0.170549
         8.6	0.170562
       8.601	0.170575
       8.602	0.17059
       8.603	0.170605
       8.604	0.170619
       8.605	0.170634
       8.606	0.170647
       8.607	0.17066
       8.608	0.170671
       8.609	0.170681
        8.61	0.170689
       8.611	0.170695
       8.612	0.170697
       8.613	0.170696
       8.614	0.170692
       8.615	0.170682
       8.616	0.170668
       8.617	0.170649
       8.618	0.170624
       8.619	0.170595
        8.62	0.17056
       8.621	0.170519
       8.622	0.170474
       8.623	0.170425
       8.624	0.170373
       8.625	0.170318
       8.626	0.170259
       8.627	0.170199
       8.628	0.170138
       8.629	0.170081
        8.63	0.170026
       8.631	0.169973
       8.632	0.169923
       8.633	0.16988
       8.634	0.169841
       8.635	0.169807
       8.636	0.169778
       8.637	0.169755
       8.638	0.169738
       8.639	0.169726
        8.64	0.169719
       8.641	0.169718
       8.642	0.169721
       8.643	0.16973
       8.644	0.169744
       8.645	0.169762
       8.646	0.169784
       8.647	0.169809
       8.648	0.169837
       8.649	0.169866
        8.65	0.169895
       8.651	0.169924
       8.652	0.169952
       8.653	0.169979
       8.654	0.170004
       8.655	0.170026
       8.656	0.170046
       8.657	0.170062
       8.658	0.170076
       8.659	0.170087
        8.66	0.170095
       8.661	0.1701
       8.662	0.170103
       8.663	0.170105
       8.664	0.170105
       8.665	0.170105
       8.666	0.170105
       8.667	0.170106
       8.668	0.170109
       8.669	0.170114
        8.67	0.170121
       8.671	0.170132
       8.672	0.170146
       8.673	0.170163
       8.674	0.170183
       8.675	0.170207
       8.676	0.170234
       8.677	0.170264
       8.678	0.170297
       8.679	0.170332
        8.68	0.170369
       8.681	0.170407
       8.682	0.170446
       8.683	0.170485
       8.684	0.170523
       8.685	0.17056
       8.686	0.170594
       8.687	0.170625
       8.688	0.170653
       8.689	0.170677
        8.69	0.170695
       8.691	0.170707
       8.692	0.170713
       8.693	0.170713
       8.694	0.170707
       8.695	0.170694
       8.696	0.170676
       8.697	0.170652
       8.698	0.170624
       8.699	0.170592
         8.7	0.170557
       8.701	0.170521
       8.702	0.170483
       8.703	0.170445
       8.704	0.170408
       8.705	0.170371
       8.706	0.170337
       8.707	0.170304
       8.708	0.170274
       8.709	0.170247
        8.71	0.170223
       8.711	0.170203
       8.712	0.170187
       8.713	0.170175
       8.714	0.170167
       8.715	0.170163
       8.716	0.170162
       8.717	0.170164
       8.718	0.170169
       8.719	0.170177
        8.72	0.170186
       8.721	0.170197
       8.722	0.170209
       8.723	0.170221
       8.724	0.170233
       8.725	0.170242
       8.726	0.17025
       8.727	0.170254
       8.728	0.170255
       8.729	0.170252
        8.73	0.170246
       8.731	0.170235
       8.732	0.170222
       8.733	0.170206
       8.734	0.170187
       8.735	0.170166
       8.736	0.170143
       8.737	0.170121
       8.738	0.170098
       8.739	0.170076
        8.74	0.170057
       8.741	0.170039
       8.742	0.170025
       8.743	0.170014
       8.744	0.170006
       8.745	0.170002
       8.746	0.170003
       8.747	0.170007
       8.748	0.170016
       8.749	0.170029
        8.75	0.170046
       8.751	0.170066
       8.752	0.17009
       8.753	0.170116
       8.754	0.170145
       8.755	0.170175
       8.756	0.170206
       8.757	0.170236
       8.758	0.170265
       8.759	0.170292
        8.76	0.170316
       8.761	0.170337
       8.762	0.170354
       8.763	0.170367
       8.764	0.170375
       8.765	0.170379
       8.766	0.170377
       8.767	0.17037
       8.768	0.170359
       8.769	0.170343
        8.77	0.170322
       8.771	0.170299
       8.772	0.170273
       8.773	0.170245
       8.774	0.170217
       8.775	0.170189
       8.776	0.170162
       8.777	0.170136
       8.778	0.170114
       8.779	0.170094
        8.78	0.170077
       8.781	0.170065
       8.782	0.170056
       8.783	0.170051
       8.784	0.170051
       8.785	0.170055
       8.786	0.170063
       8.787	0.170076
       8.788	0.170092
       8.789	0.170112
        8.79	0.170135
       8.791	0.17016
       8.792	0.170188
       8.793	0.170217
       8.794	0.170248
       8.795	0.17028
       8.796	0.17031
       8.797	0.17034
       8.798	0.170366
       8.799	0.170389
         8.8	0.170407
       8.801	0.170421
       8.802	0.170429
       8.803	0.170432
       8.804	0.17043
       8.805	0.170424
       8.806	0.170413
       8.807	0.170398
       8.808	0.17038
       8.809	0.170359
        8.81	0.170337
       8.811	0.170315
       8.812	0.170292
       8.813	0.17027
       8.814	0.170249
       8.815	0.170229
       8.816	0.170212
       8.817	0.170198
       8.818	0.170186
       8.819	0.170177
        8.82	0.170172
       8.821	0.170169
       8.822	0.170169
       8.823	0.170172
       8.824	0.170177
       8.825	0.170185
       8.826	0.170194
       8.827	0.170205
       8.828	0.170217
       8.829	0.17023
        8.83	0.170243
       8.831	0.170256
       8.832	0.170267
       8.833	0.170276
       8.834	0.170283
       8.835	0.170287
       8.836	0.170288
       8.837	0.170284
       8.838	0.170277
       8.839	0.170265
        8.84	0.170249
       8.841	0.170229
       8.842	0.170205
       8.843	0.170179
       8.844	0.17015
       8.845	0.17012
       8.846	0.170088
       8.847	0.170057
       8.848	0.170028
       8.849	0.17
        8.85	0.169975
       8.851	0.169953
       8.852	0.169936
       8.853	0.169923
       8.854	0.169916
       8.855	0.169913
       8.856	0.169916
       8.857	0.169924
       8.858	0.169937
       8.859	0.169955
        8.86	0.169977
       8.861	0.170003
       8.862	0.170033
       8.863	0.170065
       8.864	0.1701
       8.865	0.170136
       8.866	0.170174
       8.867	0.170213
       8.868	0.170251
       8.869	0.170287
        8.87	0.170322
       8.871	0.170354
       8.872	0.170382
       8.873	0.170406
       8.874	0.170425
       8.875	0.170439
       8.876	0.170447
       8.877	0.170451
       8.878	0.170449
       8.879	0.170442
        8.88	0.170431
       8.881	0.170416
       8.882	0.170398
       8.883	0.170378
       8.884	0.170356
       8.885	0.170335
       8.886	0.170314
       8.887	0.170293
       8.888	0.170272
       8.889	0.170253
        8.89	0.170234
       8.891	0.170217
       8.892	0.170201
       8.893	0.170187
       8.894	0.170174
       8.895	0.170163
       8.896	0.170154
       8.897	0.170146
       8.898	0.170139
       8.899	0.170134
         8.9	0.170131
       8.901	0.17013
       8.902	0.170132
       8.903	0.170136
       8.904	0.170141
       8.905	0.170148
       8.906	0.170155
       8.907	0.170162
       8.908	0.170169
       8.909	0.170174
        8.91	0.170178
       8.911	0.17018
       8.912	0.170179
       8.913	0.170175
       8.914	0.170167
       8.915	0.170157
       8.916	0.170144
       8.917	0.170129
       8.918	0.170111
       8.919	0.170093
        8.92	0.170073
       8.921	0.170052
       8.922	0.170033
       8.923	0.170014
       8.924	0.169997
       8.925	0.169983
       8.926	0.169971
       8.927	0.169962
       8.928	0.169956
       8.929	0.169954
        8.93	0.169958
       8.931	0.169965
       8.932	0.169977
       8.933	0.169994
       8.934	0.170017
       8.935	0.170043
       8.936	0.170072
       8.937	0.170104
       8.938	0.170137
       8.939	0.17017
        8.94	0.170205
       8.941	0.17024
       8.942	0.170275
       8.943	0.170309
       8.944	0.170342
       8.945	0.170372
       8.946	0.1704
       8.947	0.170425
       8.948	0.170446
       8.949	0.170464
        8.95	0.170478
       8.951	0.170487
       8.952	0.170492
       8.953	0.170494
       8.954	0.170495
       8.955	0.170494
       8.956	0.170492
       8.957	0.17049
       8.958	0.170486
       8.959	0.17048
        8.96	0.170473
       8.961	0.170464
       8.962	0.170454
       8.963	0.170443
       8.964	0.170432
       8.965	0.17042
       8.966	0.170407
       8.967	0.170393
       8.968	0.170378
       8.969	0.170362
        8.97	0.170346
       8.971	0.170328
       8.972	0.170311
       8.973	0.170293
       8.974	0.170275
       8.975	0.170257
       8.976	0.170237
       8.977	0.170217
       8.978	0.170196
       8.979	0.170175
        8.98	0.170154
       8.981	0.170133
       8.982	0.17011
       8.983	0.170087
       8.984	0.170063
       8.985	0.170039
       8.986	0.170015
       8.987	0.16999
       8.988	0.169964
       8.989	0.169937
        8.99	0.16991
       8.991	0.169885
       8.992	0.16986
       8.993	0.169835
       8.994	0.169812
       8.995	0.169791
       8.996	0.169772
       8.997	0.169757
       8.998	0.169746
       8.999	0.169739
           9	0.169737


       9.001	0.0630732
       9.002	0.0623133
       9.003	0.0786321
       9.004	0.109206
       9.005	0.144147
       9.006	0.172496
       9.007	0.187553
       9.008	0.188139
       9.009	0.176768
        9.01	0.158076
       9.011	0.137728
       9.012	0.12053
       9.013	0.109353
       9.014	0.10501
       9.015	0.106477
       9.016	0.111878
       9.017	0.119038
       9.018	0.126056
       9.019	0.131622
        9.02	0.135109
       9.021	0.136469
       9.022	0.136035
       9.023	0.134365
       9.024	0.132091
       9.025	0.129771
       9.026	0.127935
       9.027	0.126413
       9.028	0.125496
       9.029	0.125157
        9.03	0.12527
       9.031	0.125606
       9.032	0.126014
       9.033	0.126377
       9.034	0.12661
       9.035	0.126687
       9.036	0.126614
       9.037	0.126381
       9.038	0.126086
       9.039	0.125828
        9.04	0.125579
       9.041	0.125366
       9.042	0.125207
       9.043	0.125107
       9.044	0.125064
       9.045	0.12507
       9.046	0.125122
       9.047	0.125199
       9.048	0.125302
       9.049	0.125458
        9.05	0.125592
       9.051	0.125787
       9.052	0.125986
       9.053	0.126143
       9.054	0.126372
       9.055	0.126603
       9.056	0.126835
       9.057	0.127069
       9.058	0.127308
       9.059	0.127555
        9.06	0.127815
       9.061	0.128089
       9.062	0.128375
       9.063	0.128673
       9.064	0.12898
       9.065	0.129294
       9.066	0.129614
       9.067	0.129885
       9.068	0.130187
       9.069	0.130574
        9.07	0.1309
       9.071	0.131238
       9.072	0.131583
       9.073	0.131978
       9.074	0.132293
       9.075	0.132598
       9.076	0.132897
       9.077	0.133237
       9.078	0.133501
       9.079	0.133757
        9.08	0.134049
       9.081	0.134269
       9.082	0.134518
       9.083	0.134734
       9.084	0.134885
       9.085	0.135064
       9.086	0.135213
       9.087	0.135324
       9.088	0.13539
       9.089	0.135413
        9.09	0.135394
       9.091	0.135338
       9.092	0.135248
       9.093	0.135129
       9.094	0.13499
       9.095	0.134819
       9.096	0.134642
       9.097	0.134448
       9.098	0.134219
       9.099	0.134011
         9.1	0.133795
       9.101	0.133575
       9.102	0.133355
       9.103	0.133139
       9.104	0.132933
       9.105	0.132743
       9.106	0.132573
       9.107	0.132425
       9.108	0.132302
       9.109	0.132204
        9.11	0.13213
       9.111	0.132077
       9.112	0.132044
       9.113	0.132027
       9.114	0.132023
       9.115	0.132029
       9.116	0.132042
       9.117	0.132058
       9.118	0.132077
       9.119	0.132096
        9.12	0.132115
       9.121	0.132134
       9.122	0.132153
       9.123	0.132172
       9.124	0.132192
       9.125	0.132213
       9.126	0.132235
       9.127	0.132258
       9.128	0.132282
       9.129	0.132307
        9.13	0.132331
       9.131	0.132355
       9.132	0.132378
       9.133	0.132398
       9.134	0.132414
       9.135	0.132427
       9.136	0.132435
       9.137	0.132438
       9.138	0.132435
       9.139	0.132424
        9.14	0.132405
       9.141	0.132376
       9.142	0.132337
       9.143	0.132285
       9.144	0.132222
       9.145	0.132147
       9.146	0.132061
       9.147	0.131963
       9.148	0.131855
       9.149	0.131739
        9.15	0.131617
       9.151	0.131491
       9.152	0.131364
       9.153	0.131238
       9.154	0.131115
       9.155	0.130998
       9.156	0.130889
       9.157	0.130789
       9.158	0.1307
       9.159	0.130624
        9.16	0.130553
       9.161	0.130494
       9.162	0.13045
       9.163	0.130424
       9.164	0.130417
       9.165	0.130428
